-- MySQL dump 10.11
--
-- Host: localhost    Database: solar_dev
-- ------------------------------------------------------
-- Server version	5.0.32-Debian_7-log
/*!40103 SET @OLD_TIME_ZONE=@@TIME_ZONE */;
/*!40103 SET TIME_ZONE='+00:00' */;
/*!40014 SET @OLD_UNIQUE_CHECKS=@@UNIQUE_CHECKS, UNIQUE_CHECKS=0 */;
/*!40014 SET @OLD_FOREIGN_KEY_CHECKS=@@FOREIGN_KEY_CHECKS, FOREIGN_KEY_CHECKS=0 */;
/*!40101 SET @OLD_SQL_MODE=@@SQL_MODE, SQL_MODE='NO_AUTO_VALUE_ON_ZERO,MYSQL40' */;
/*!40111 SET @OLD_SQL_NOTES=@@SQL_NOTES, SQL_NOTES=0 */;

--
-- Table structure for table `esnsatellite_access`
--

DROP TABLE IF EXISTS `esnsatellite_access`;
CREATE TABLE `esnsatellite_access` (
  `aid` int(10) NOT NULL auto_increment,
  `mask` varchar(255) NOT NULL default '',
  `type` varchar(255) NOT NULL default '',
  `status` tinyint(2) NOT NULL default '0',
  PRIMARY KEY  (`aid`)
) TYPE=MyISAM;

--
-- Dumping data for table `esnsatellite_access`
--

LOCK TABLES `esnsatellite_access` WRITE;
/*!40000 ALTER TABLE `esnsatellite_access` DISABLE KEYS */;
/*!40000 ALTER TABLE `esnsatellite_access` ENABLE KEYS */;
UNLOCK TABLES;

--
-- Table structure for table `esnsatellite_accesslog`
--

DROP TABLE IF EXISTS `esnsatellite_accesslog`;
CREATE TABLE `esnsatellite_accesslog` (
  `aid` int(10) NOT NULL auto_increment,
  `sid` varchar(32) NOT NULL default '',
  `title` varchar(255) default NULL,
  `path` varchar(255) default NULL,
  `url` varchar(255) default NULL,
  `hostname` varchar(128) default NULL,
  `uid` int(10) unsigned default '0',
  `timer` int(10) unsigned NOT NULL default '0',
  `timestamp` int(11) unsigned NOT NULL default '0',
  PRIMARY KEY  (`aid`),
  KEY `accesslog_timestamp` (`timestamp`)
) TYPE=MyISAM;

--
-- Dumping data for table `esnsatellite_accesslog`
--

LOCK TABLES `esnsatellite_accesslog` WRITE;
/*!40000 ALTER TABLE `esnsatellite_accesslog` DISABLE KEYS */;
/*!40000 ALTER TABLE `esnsatellite_accesslog` ENABLE KEYS */;
UNLOCK TABLES;

--
-- Table structure for table `esnsatellite_aggregator_category`
--

DROP TABLE IF EXISTS `esnsatellite_aggregator_category`;
CREATE TABLE `esnsatellite_aggregator_category` (
  `cid` int(10) NOT NULL auto_increment,
  `title` varchar(255) NOT NULL default '',
  `description` longtext NOT NULL,
  `block` tinyint(2) NOT NULL default '0',
  PRIMARY KEY  (`cid`),
  UNIQUE KEY `title` (`title`)
) TYPE=MyISAM;

--
-- Dumping data for table `esnsatellite_aggregator_category`
--

LOCK TABLES `esnsatellite_aggregator_category` WRITE;
/*!40000 ALTER TABLE `esnsatellite_aggregator_category` DISABLE KEYS */;
/*!40000 ALTER TABLE `esnsatellite_aggregator_category` ENABLE KEYS */;
UNLOCK TABLES;

--
-- Table structure for table `esnsatellite_aggregator_category_feed`
--

DROP TABLE IF EXISTS `esnsatellite_aggregator_category_feed`;
CREATE TABLE `esnsatellite_aggregator_category_feed` (
  `fid` int(10) NOT NULL default '0',
  `cid` int(10) NOT NULL default '0',
  PRIMARY KEY  (`fid`,`cid`)
) TYPE=MyISAM;

--
-- Dumping data for table `esnsatellite_aggregator_category_feed`
--

LOCK TABLES `esnsatellite_aggregator_category_feed` WRITE;
/*!40000 ALTER TABLE `esnsatellite_aggregator_category_feed` DISABLE KEYS */;
/*!40000 ALTER TABLE `esnsatellite_aggregator_category_feed` ENABLE KEYS */;
UNLOCK TABLES;

--
-- Table structure for table `esnsatellite_aggregator_category_item`
--

DROP TABLE IF EXISTS `esnsatellite_aggregator_category_item`;
CREATE TABLE `esnsatellite_aggregator_category_item` (
  `iid` int(10) NOT NULL default '0',
  `cid` int(10) NOT NULL default '0',
  PRIMARY KEY  (`iid`,`cid`)
) TYPE=MyISAM;

--
-- Dumping data for table `esnsatellite_aggregator_category_item`
--

LOCK TABLES `esnsatellite_aggregator_category_item` WRITE;
/*!40000 ALTER TABLE `esnsatellite_aggregator_category_item` DISABLE KEYS */;
/*!40000 ALTER TABLE `esnsatellite_aggregator_category_item` ENABLE KEYS */;
UNLOCK TABLES;

--
-- Table structure for table `esnsatellite_aggregator_feed`
--

DROP TABLE IF EXISTS `esnsatellite_aggregator_feed`;
CREATE TABLE `esnsatellite_aggregator_feed` (
  `fid` int(10) NOT NULL auto_increment,
  `title` varchar(255) NOT NULL default '',
  `url` varchar(255) NOT NULL default '',
  `refresh` int(10) NOT NULL default '0',
  `checked` int(10) NOT NULL default '0',
  `link` varchar(255) NOT NULL default '',
  `description` longtext NOT NULL,
  `image` longtext NOT NULL,
  `etag` varchar(255) NOT NULL default '',
  `modified` int(10) NOT NULL default '0',
  `block` tinyint(2) NOT NULL default '0',
  PRIMARY KEY  (`fid`),
  UNIQUE KEY `link` (`url`),
  UNIQUE KEY `title` (`title`)
) TYPE=MyISAM AUTO_INCREMENT=2;

--
-- Dumping data for table `esnsatellite_aggregator_feed`
--

LOCK TABLES `esnsatellite_aggregator_feed` WRITE;
/*!40000 ALTER TABLE `esnsatellite_aggregator_feed` DISABLE KEYS */;
INSERT INTO `esnsatellite_aggregator_feed` VALUES (1,'ESN International News','http://www.esn.org/news/feed',86400,1174153957,'http://www.esn.org/news/feed','News view','','',1174153957,5);
/*!40000 ALTER TABLE `esnsatellite_aggregator_feed` ENABLE KEYS */;
UNLOCK TABLES;

--
-- Table structure for table `esnsatellite_aggregator_item`
--

DROP TABLE IF EXISTS `esnsatellite_aggregator_item`;
CREATE TABLE `esnsatellite_aggregator_item` (
  `iid` int(10) NOT NULL auto_increment,
  `fid` int(10) NOT NULL default '0',
  `title` varchar(255) NOT NULL default '',
  `link` varchar(255) NOT NULL default '',
  `author` varchar(255) NOT NULL default '',
  `description` longtext NOT NULL,
  `timestamp` int(11) default NULL,
  PRIMARY KEY  (`iid`)
) TYPE=MyISAM AUTO_INCREMENT=11;

--
-- Dumping data for table `esnsatellite_aggregator_item`
--

LOCK TABLES `esnsatellite_aggregator_item` WRITE;
/*!40000 ALTER TABLE `esnsatellite_aggregator_item` DISABLE KEYS */;
INSERT INTO `esnsatellite_aggregator_item` VALUES (1,1,'ESN selected for the Accompanying Measures grant under Socrates','http://www.esn.org/news/esn_selected_for_the_accompanying_measures_grant_under_socrates','','<div class=\"field field-type-text field-field-summary\"><div class=\"field-items\"><div class=\"field-item\">Out of tens of applications, only six were approved by the European Commission for the Erasmus/Jean Monnet Unit. ESN project &amp;quot;The experience of Studying Abroad for Exchange Students in Europe&amp;quot; has been one of these. More information is coming on this website. </div></div></div><div class=\"field field-type-text field-field-body\"><div class=\"field-items\"><div class=\"field-item\"><p>Out of tens of applications, only six were approved by the European Commission for the Erasmus/Jean Monnet Unit. ESN project &quot;The experience of Studying Abroad for Exchange Students in Europe&quot; has been one of these. More information is coming on this website.</p>\n</div></div></div>',1173342498),(2,1,'XX Anniversary of Erasmus Opening Conference','http://www.esn.org/news/xx_anniversary_of_erasmus_opening_conference','','<div class=\"field field-type-text field-field-summary\"><div class=\"field-items\"><div class=\"field-item\">In the year 2007, ESN will celebrate the 20 Years of Erasmus Programme. To start the celebrations, on the 18th of January the Opening Conference will take in Brussels, hosted by Committee of Regions. To find out more about the event and register, visit &lt;a href=&quot;http://www.esn.org/20erasmus/&quot;&gt;www.esn.org/20erasmus&lt;/a&gt;</div></div></div><div class=\"field field-type-text field-field-body\"><div class=\"field-items\"><div class=\"field-item\"><p>In the year 2007, ESN will celebrate the 20 Years of Erasmus Programme. To start the celebrations, on the 18th of January the Opening Conference will take in Brussels, hosted by Committee of Regions. To find out more about the event and register, visit <a href=\"http://www.esn.org/20erasmus/\">www.esn.org/20erasmus</a></p>\n</div></div></div>',1173342536),(3,1,'20 Years of Erasmus Conference - 100 applications in one week!','http://www.esn.org/news/20_years_of_erasmus_conference_100_applications_in_one_week','','<div class=\"field field-type-text field-field-summary\"><div class=\"field-items\"><div class=\"field-item\"> We are surprised by the great popularity of this event. Having reached the number of 100 applications in one week, demonstrates the will of students and stakeholders in Europe of taking part in the evaluation of the Erasmus Programme and provide suggestions for the launch of the new Long Life Learning.&lt;br /&gt; Limited further availability of places: &lt;a href=&quot;http://www.esn.org/20erasmus/&quot;&gt;subscribe &lt;strong&gt;now&lt;/strong&gt;!&lt;/a&gt;</div></div></div><div class=\"field field-type-text field-field-body\"><div class=\"field-items\"><div class=\"field-item\"><p> We are surprised by the great popularity of this event. Having reached the number of 100 applications in one week, demonstrates the will of students and stakeholders in Europe of taking part in the evaluation of the Erasmus Programme and provide suggestions for the launch of the new Long Life Learning.<br /> Limited further availability of places: <a href=\"http://www.esn.org/20erasmus/\">subscribe <strong>now</strong>!</a></p>\n</div></div></div>',1173342585),(4,1,'Compe-t-shirt: design the Official t-shirt of ESN and win!','http://www.esn.org/news/compe_t_shirt_design_the_official_t_shirt_of_esn_and_win','','<div class=\"field field-type-text field-field-summary\"><div class=\"field-items\"><div class=\"field-item\"> Don&amp;#39;t miss this opportunity: ESN offers you the chance to be a t-shirt designer. You don&amp;#39;t need paint, scissors and a stack of old t-shirts, because these shirts practically design themselves! </div></div></div><div class=\"field field-type-text field-field-body\"><div class=\"field-items\"><div class=\"field-item\"><p> Don&#39;t miss this opportunity: ESN offers you the chance to be a t-shirt designer. You don&#39;t need paint, scissors and a stack of old t-shirts, because these shirts practically design themselves! <br /> Upload your own design, logo or picture that concerns ESN, student exchange or travelling onto a template. <strong>The best t-shirt will win a nice prize!</strong> <br /> Check how to design a t-shirt <a href=\"http://www.esn.org/community/tshirts/make\">here</a><br /> This competition lasts from 22/12/2006 till 25/01/2007. </p>\n</div></div></div>',1173342624),(5,1,'ESN Reaches 31 Countries','http://www.esn.org/news/esn_reaches_31_countries','','<div class=\"field field-type-text field-field-summary\"><div class=\"field-items\"><div class=\"field-item\"> Our newest countries that has been accepted by the Council of National Representatives are Bosnia and Herzegovina, and Serbia. Warm welcome to our Balkan friends. </div></div></div><div class=\"field field-type-text field-field-body\"><div class=\"field-items\"><div class=\"field-item\"><p> Our newest countries that has been accepted by the Council of National Representatives are Bosnia and Herzegovina, and Serbia. Warm welcome to our Balkan friends. </p>\n</div></div></div>',1173342653),(6,1,'Fly SkyEurope with the ESN Discount','http://www.esn.org/news/fly_skyeurope_with_the_esn_discount','','<div class=\"field field-type-text field-field-summary\"><div class=\"field-items\"><div class=\"field-item\"> To receive 15% on the SkyEurope tickets from now on you can book your travel through the direct link at &lt;a href=&quot;http://www.skyeurope.com/erasmus&quot;&gt;www.skyeurope.com/erasmus&lt;/a&gt;. Enjoy the partnership between ESN and SkyEurope! </div></div></div><div class=\"field field-type-text field-field-body\"><div class=\"field-items\"><div class=\"field-item\"><p> To receive 15% on the SkyEurope tickets from now on you can book your travel through the direct link at <a href=\"http://www.skyeurope.com/erasmus\">www.skyeurope.com/erasmus</a>. Enjoy the partnership between ESN and SkyEurope! </p>\n</div></div></div>',1173342682),(7,1,'ESN Sections\' Bulletin January 2007 Edition online','http://www.esn.org/news/esn_sections_bulletin_january_2007_edition_online','','<div class=\"field field-type-text field-field-summary\"><div class=\"field-items\"><div class=\"field-item\"> Want to read and learn about the newest opportunities for your section? What is the Board doing? What happened around during the last weeks? &lt;a href=&quot;http://www.esn.org/members/monthlymail.php&quot;&gt;Read it here!&lt;/a&gt; </div></div></div><div class=\"field field-type-text field-field-body\"><div class=\"field-items\"><div class=\"field-item\"><p> Want to read and learn about the newest opportunities for your section? What is the Board doing? What happened around during the last weeks? <a href=\"http://www.esn.org/members/monthlymail.php\">Read it here!</a> </p>\n</div></div></div>',1173342727),(8,1,'ESNny Awards','http://www.esn.org/news/esnny_awards','','<div class=\"field field-type-text field-field-summary\"><div class=\"field-items\"><div class=\"field-item\">Click on the link and download the applications to participate and win the ESNny Awards! Best adaptation of Corporate Identity, Best Traditional Event and Most PALLOMERI Section will get a lovely prize as well as public Glory at the AGM in Prague</div></div></div><div class=\"field field-type-text field-field-body\"><div class=\"field-items\"><div class=\"field-item\"><p>Dear Sections, </p>\n<p>good news coming to knock on your door! Not one, not two but yes<strong> three ESNny awards</strong> will be given for: </p>\n<div style=\"margin: 10px; text-align: center; padding-left: 180px\"> <a style=\"padding: 10px; background: #ff0099 none repeat scroll 0% 50%; text-decoration: none; width: 200px; display: block; -moz-background-clip: -moz-initial; -moz-background-origin: -moz-initial; -moz-background-inline-policy: -moz-initial; font-weight: bold; font-size: 12px\" href=\"http://www.esn.org/articles/ci_contest.doc\"> <font style=\"color: #ffffff\">Best adaptation of Corporate Identity</font> </a>  </div>\n<p> <br />\n<div style=\"margin: 10px; text-align: center; padding-left: 180px\"> <a style=\"padding: 10px; background: #ff0099 none repeat scroll 0% 50%; text-decoration: none; width: 200px; display: block; -moz-background-clip: -moz-initial; -moz-background-origin: -moz-initial; -moz-background-inline-policy: -moz-initial; font-weight: bold; font-size: 12px\" href=\"http://www.esn.org/articles/esnnyaward_traditional.doc\"> <font style=\"color: #ffffff\">Best traditional event</font> </a>  </div>\n<p> <br />\n<div style=\"margin: 10px; text-align: center; padding-left: 180px\"> <a style=\"padding: 10px; background: #ff0099 none repeat scroll 0% 50%; text-decoration: none; width: 200px; display: block; -moz-background-clip: -moz-initial; -moz-background-origin: -moz-initial; -moz-background-inline-policy: -moz-initial; font-weight: bold; font-size: 12px\" href=\"http://www.esn.org/articles/esnnyaward_pallomeri.doc\"> <font style=\"color: #ffffff\">Most PALLOMERI section</font> </a>  </div>\n<p> \n<p>A highly qualified jury (well, ok: the ESNny Working Groups plus other ESN members) will decide the winner for every award, expressing an indisputable verdict.</p>\n<p>The winners of the ESN awards will be presented during a 20 minutes A.S.S. (Awards Super Show) at the gala dinner during the AGM . All applicants will be acknowledged in a slideshow with pictures that were handed in with the application forms.</p>\n<p>You can present your application for one, two or all three awards - that is up to you.</p>\n<p>Please send all forms and material to: <a href=\"mailto:esnnyawards@esn.org\">esnnyawards@esn.org</a></p>\n<p><strong>The deadline is: 1 st March, 2007.</strong></p>\n<p>Super Hugs!</p>\n<p align=\"right\"><em>Ana, Jana, Tomaso - aka ESNny WG </em></p>\n</div></div></div>',1173342798),(9,1,'AGM Documents','http://www.esn.org/news/agm_documents','','<div class=\"field field-type-text field-field-summary\"><div class=\"field-items\"><div class=\"field-item\"> AGM Documents now available, click &lt;a href=&quot;http://www.esn.org/agm2007/documents&quot;&gt;here&lt;/a&gt;  </div></div></div><div class=\"field field-type-text field-field-body\"><div class=\"field-items\"><div class=\"field-item\"><p> AGM Documents now available, click <a href=\"http://www.esn.org/agm2007/documents\">here</a></p>\n</div></div></div>',1173342837),(10,1,'Erasmus Van departs!','http://www.esn.org/news/erasmus_van_departs','','<div class=\"field field-type-text field-field-summary\"><div class=\"field-items\"><div class=\"field-item\">On the 25 March 2007, Erasmus Van will depart from Prague for its tour around Europe. It will promote mobility during more than 50 local Erasmus Days. Join us! See the Van Tour! &lt;a href=&quot;http://www.20erasmus.eu/erasmusdays/view&quot; target=&quot;_blank&quot;&gt;Learn more!&lt;/a&gt; </div></div></div><div class=\"field field-type-text field-field-body\"><div class=\"field-items\"><div class=\"field-item\"><p>On the 25 March 2007, Erasmus Van will depart from Prague for its tour around Europe. It will promote mobility during more than 50 local Erasmus Days. Join us! See the Van Tour! <a href=\"http://www.20erasmus.eu/erasmusdays/view\" target=\"_blank\">Learn more!</a></p>\n</div></div></div>',1173342879);
/*!40000 ALTER TABLE `esnsatellite_aggregator_item` ENABLE KEYS */;
UNLOCK TABLES;

--
-- Table structure for table `esnsatellite_authmap`
--

DROP TABLE IF EXISTS `esnsatellite_authmap`;
CREATE TABLE `esnsatellite_authmap` (
  `aid` int(10) unsigned NOT NULL auto_increment,
  `uid` int(10) NOT NULL default '0',
  `authname` varchar(128) NOT NULL default '',
  `module` varchar(128) NOT NULL default '',
  PRIMARY KEY  (`aid`),
  UNIQUE KEY `authname` (`authname`)
) TYPE=MyISAM;

--
-- Dumping data for table `esnsatellite_authmap`
--

LOCK TABLES `esnsatellite_authmap` WRITE;
/*!40000 ALTER TABLE `esnsatellite_authmap` DISABLE KEYS */;
/*!40000 ALTER TABLE `esnsatellite_authmap` ENABLE KEYS */;
UNLOCK TABLES;

--
-- Table structure for table `esnsatellite_blocks`
--

DROP TABLE IF EXISTS `esnsatellite_blocks`;
CREATE TABLE `esnsatellite_blocks` (
  `module` varchar(64) NOT NULL default '',
  `delta` varchar(32) NOT NULL default '0',
  `theme` varchar(255) NOT NULL default '',
  `status` tinyint(2) NOT NULL default '0',
  `weight` tinyint(1) NOT NULL default '0',
  `region` varchar(64) NOT NULL default 'left',
  `custom` tinyint(2) NOT NULL default '0',
  `throttle` tinyint(1) NOT NULL default '0',
  `visibility` tinyint(1) NOT NULL default '0',
  `pages` text NOT NULL
) TYPE=MyISAM;

--
-- Dumping data for table `esnsatellite_blocks`
--

LOCK TABLES `esnsatellite_blocks` WRITE;
/*!40000 ALTER TABLE `esnsatellite_blocks` DISABLE KEYS */;
INSERT INTO `esnsatellite_blocks` VALUES ('user','0','bluemarine',1,0,'left',0,0,0,''),('node','0','bluemarine',0,0,'left',0,0,0,''),('views','comments_recent','esntheme',0,0,'left',0,0,0,''),('views','Partners','esntheme',1,2,'right',0,0,1,'<front>'),('views','News','esntheme',0,1,'right',0,0,1,'<front>'),('signup','0','esntheme',0,0,'left',0,0,0,''),('profile','0','esntheme',0,0,'left',0,0,0,''),('menu','65','esntheme',1,0,'left',0,0,0,''),('menu','2','esntheme',0,0,'left',0,0,0,''),('event','1','esntheme',1,1,'right',0,0,1,'<front>'),('event','0','esntheme',1,0,'right',0,0,1,'<front>'),('user','1','bluemarine',1,0,'left',0,0,0,''),('user','2','bluemarine',0,0,'left',0,0,0,''),('user','3','bluemarine',0,0,'left',0,0,0,''),('comment','0','bluemarine',0,0,'left',0,0,0,''),('event','0','bluemarine',0,0,'left',0,0,0,''),('event','1','bluemarine',0,0,'left',0,0,1,'<front>'),('menu','2','bluemarine',0,0,'left',0,0,0,''),('menu','65','bluemarine',0,0,'left',0,0,0,''),('profile','0','bluemarine',0,0,'left',0,0,0,''),('signup','0','bluemarine',0,0,'left',0,0,0,''),('views','News','bluemarine',0,0,'left',0,0,0,''),('views','comments_recent','bluemarine',0,0,'left',0,0,0,''),('comment','0','esntheme',0,0,'left',0,0,0,''),('aggregator','feed-1','esntheme',1,3,'right',0,0,1,'<front>'),('user','3','esntheme',0,0,'left',0,0,0,''),('user','2','esntheme',0,0,'left',0,0,0,''),('user','1','esntheme',1,1,'left',0,0,0,''),('user','0','esntheme',1,2,'left',0,0,0,''),('node','0','esntheme',0,3,'left',0,0,1,'<front>');
/*!40000 ALTER TABLE `esnsatellite_blocks` ENABLE KEYS */;
UNLOCK TABLES;

--
-- Table structure for table `esnsatellite_book`
--

DROP TABLE IF EXISTS `esnsatellite_book`;
CREATE TABLE `esnsatellite_book` (
  `vid` int(10) unsigned NOT NULL default '0',
  `nid` int(10) unsigned NOT NULL default '0',
  `parent` int(10) NOT NULL default '0',
  `weight` tinyint(3) NOT NULL default '0',
  PRIMARY KEY  (`vid`),
  KEY `nid` (`nid`),
  KEY `parent` (`parent`)
) TYPE=MyISAM;

--
-- Dumping data for table `esnsatellite_book`
--

LOCK TABLES `esnsatellite_book` WRITE;
/*!40000 ALTER TABLE `esnsatellite_book` DISABLE KEYS */;
/*!40000 ALTER TABLE `esnsatellite_book` ENABLE KEYS */;
UNLOCK TABLES;

--
-- Table structure for table `esnsatellite_boxes`
--

DROP TABLE IF EXISTS `esnsatellite_boxes`;
CREATE TABLE `esnsatellite_boxes` (
  `bid` int(11) NOT NULL auto_increment,
  `title` varchar(64) NOT NULL default '',
  `body` longtext,
  `info` varchar(128) NOT NULL default '',
  `format` int(4) NOT NULL default '0',
  PRIMARY KEY  (`bid`),
  UNIQUE KEY `info` (`info`)
) TYPE=MyISAM AUTO_INCREMENT=2;

--
-- Dumping data for table `esnsatellite_boxes`
--

LOCK TABLES `esnsatellite_boxes` WRITE;
/*!40000 ALTER TABLE `esnsatellite_boxes` DISABLE KEYS */;
/*!40000 ALTER TABLE `esnsatellite_boxes` ENABLE KEYS */;
UNLOCK TABLES;

--
-- Table structure for table `esnsatellite_cache`
--

DROP TABLE IF EXISTS `esnsatellite_cache`;
CREATE TABLE `esnsatellite_cache` (
  `cid` varchar(255) binary NOT NULL default '',
  `data` longblob,
  `expire` int(11) NOT NULL default '0',
  `created` int(11) NOT NULL default '0',
  `headers` text,
  PRIMARY KEY  (`cid`),
  KEY `expire` (`expire`)
) TYPE=MyISAM;

--
-- Dumping data for table `esnsatellite_cache`
--

LOCK TABLES `esnsatellite_cache` WRITE;
/*!40000 ALTER TABLE `esnsatellite_cache` DISABLE KEYS */;
/*!40000 ALTER TABLE `esnsatellite_cache` ENABLE KEYS */;
UNLOCK TABLES;

--
-- Table structure for table `esnsatellite_client`
--

DROP TABLE IF EXISTS `esnsatellite_client`;
CREATE TABLE `esnsatellite_client` (
  `cid` int(10) unsigned NOT NULL auto_increment,
  `link` varchar(255) NOT NULL default '',
  `name` varchar(128) NOT NULL default '',
  `mail` varchar(128) NOT NULL default '',
  `slogan` longtext NOT NULL,
  `mission` longtext NOT NULL,
  `users` int(10) NOT NULL default '0',
  `nodes` int(10) NOT NULL default '0',
  `version` varchar(35) NOT NULL default '',
  `created` int(11) NOT NULL default '0',
  `changed` int(11) NOT NULL default '0',
  PRIMARY KEY  (`cid`)
) TYPE=MyISAM;

--
-- Dumping data for table `esnsatellite_client`
--

LOCK TABLES `esnsatellite_client` WRITE;
/*!40000 ALTER TABLE `esnsatellite_client` DISABLE KEYS */;
/*!40000 ALTER TABLE `esnsatellite_client` ENABLE KEYS */;
UNLOCK TABLES;

--
-- Table structure for table `esnsatellite_client_system`
--

DROP TABLE IF EXISTS `esnsatellite_client_system`;
CREATE TABLE `esnsatellite_client_system` (
  `cid` int(10) NOT NULL default '0',
  `name` varchar(255) NOT NULL default '',
  `type` varchar(255) NOT NULL default '',
  PRIMARY KEY  (`cid`,`name`)
) TYPE=MyISAM;

--
-- Dumping data for table `esnsatellite_client_system`
--

LOCK TABLES `esnsatellite_client_system` WRITE;
/*!40000 ALTER TABLE `esnsatellite_client_system` DISABLE KEYS */;
/*!40000 ALTER TABLE `esnsatellite_client_system` ENABLE KEYS */;
UNLOCK TABLES;

--
-- Table structure for table `esnsatellite_comments`
--

DROP TABLE IF EXISTS `esnsatellite_comments`;
CREATE TABLE `esnsatellite_comments` (
  `cid` int(10) NOT NULL auto_increment,
  `pid` int(10) NOT NULL default '0',
  `nid` int(10) NOT NULL default '0',
  `uid` int(10) NOT NULL default '0',
  `subject` varchar(64) NOT NULL default '',
  `comment` longtext NOT NULL,
  `hostname` varchar(128) NOT NULL default '',
  `timestamp` int(11) NOT NULL default '0',
  `score` mediumint(9) NOT NULL default '0',
  `status` tinyint(3) unsigned NOT NULL default '0',
  `format` int(4) NOT NULL default '0',
  `thread` varchar(255) NOT NULL,
  `users` longtext,
  `name` varchar(60) default NULL,
  `mail` varchar(64) default NULL,
  `homepage` varchar(255) default NULL,
  PRIMARY KEY  (`cid`),
  KEY `lid` (`nid`)
) TYPE=MyISAM;

--
-- Dumping data for table `esnsatellite_comments`
--

LOCK TABLES `esnsatellite_comments` WRITE;
/*!40000 ALTER TABLE `esnsatellite_comments` DISABLE KEYS */;
/*!40000 ALTER TABLE `esnsatellite_comments` ENABLE KEYS */;
UNLOCK TABLES;

--
-- Table structure for table `esnsatellite_contact`
--

DROP TABLE IF EXISTS `esnsatellite_contact`;
CREATE TABLE `esnsatellite_contact` (
  `cid` int(10) unsigned NOT NULL auto_increment,
  `category` varchar(255) NOT NULL default '',
  `recipients` longtext NOT NULL,
  `reply` longtext NOT NULL,
  `weight` tinyint(3) NOT NULL default '0',
  `selected` tinyint(1) NOT NULL default '0',
  PRIMARY KEY  (`cid`),
  UNIQUE KEY `category` (`category`)
) TYPE=MyISAM;

--
-- Dumping data for table `esnsatellite_contact`
--

LOCK TABLES `esnsatellite_contact` WRITE;
/*!40000 ALTER TABLE `esnsatellite_contact` DISABLE KEYS */;
/*!40000 ALTER TABLE `esnsatellite_contact` ENABLE KEYS */;
UNLOCK TABLES;

--
-- Table structure for table `esnsatellite_event`
--

DROP TABLE IF EXISTS `esnsatellite_event`;
CREATE TABLE `esnsatellite_event` (
  `nid` int(10) unsigned NOT NULL default '0',
  `event_start` int(10) unsigned NOT NULL default '0',
  `event_end` int(10) unsigned NOT NULL default '0',
  `timezone` int(10) NOT NULL default '0',
  PRIMARY KEY  (`nid`),
  KEY `event_start` (`event_start`)
) TYPE=MyISAM;

--
-- Dumping data for table `esnsatellite_event`
--

LOCK TABLES `esnsatellite_event` WRITE;
/*!40000 ALTER TABLE `esnsatellite_event` DISABLE KEYS */;
INSERT INTO `esnsatellite_event` VALUES (22,1174579200,1174903200,487),(23,1177930800,1177930800,487);
/*!40000 ALTER TABLE `esnsatellite_event` ENABLE KEYS */;
UNLOCK TABLES;

--
-- Table structure for table `esnsatellite_file_revisions`
--

DROP TABLE IF EXISTS `esnsatellite_file_revisions`;
CREATE TABLE `esnsatellite_file_revisions` (
  `fid` int(10) unsigned NOT NULL default '0',
  `vid` int(10) unsigned NOT NULL default '0',
  `description` varchar(255) NOT NULL default '',
  `list` tinyint(1) unsigned NOT NULL default '0',
  PRIMARY KEY  (`fid`,`vid`)
) TYPE=MyISAM;

--
-- Dumping data for table `esnsatellite_file_revisions`
--

LOCK TABLES `esnsatellite_file_revisions` WRITE;
/*!40000 ALTER TABLE `esnsatellite_file_revisions` DISABLE KEYS */;
/*!40000 ALTER TABLE `esnsatellite_file_revisions` ENABLE KEYS */;
UNLOCK TABLES;

--
-- Table structure for table `esnsatellite_files`
--

DROP TABLE IF EXISTS `esnsatellite_files`;
CREATE TABLE `esnsatellite_files` (
  `fid` int(10) unsigned NOT NULL default '0',
  `nid` int(10) unsigned NOT NULL default '0',
  `filename` varchar(255) NOT NULL default '',
  `filepath` varchar(255) NOT NULL default '',
  `filemime` varchar(255) NOT NULL default '',
  `filesize` int(10) unsigned NOT NULL default '0',
  PRIMARY KEY  (`fid`)
) TYPE=MyISAM;

--
-- Dumping data for table `esnsatellite_files`
--

LOCK TABLES `esnsatellite_files` WRITE;
/*!40000 ALTER TABLE `esnsatellite_files` DISABLE KEYS */;
INSERT INTO `esnsatellite_files` VALUES (11,19,'ESN_astronaut_2.png','files/ESN_astronaut_2.png','image/png',65989),(14,21,'esn_logo.gif','files/esn_logo.gif','image/gif',8514);
/*!40000 ALTER TABLE `esnsatellite_files` ENABLE KEYS */;
UNLOCK TABLES;

--
-- Table structure for table `esnsatellite_filter_formats`
--

DROP TABLE IF EXISTS `esnsatellite_filter_formats`;
CREATE TABLE `esnsatellite_filter_formats` (
  `format` int(4) NOT NULL auto_increment,
  `name` varchar(255) NOT NULL default '',
  `roles` varchar(255) NOT NULL default '',
  `cache` tinyint(2) NOT NULL default '0',
  PRIMARY KEY  (`format`),
  UNIQUE KEY `name` (`name`)
) TYPE=MyISAM AUTO_INCREMENT=4;

--
-- Dumping data for table `esnsatellite_filter_formats`
--

LOCK TABLES `esnsatellite_filter_formats` WRITE;
/*!40000 ALTER TABLE `esnsatellite_filter_formats` DISABLE KEYS */;
INSERT INTO `esnsatellite_filter_formats` VALUES (1,'Filtered HTML',',1,2,',1),(2,'PHP code','',0),(3,'Full HTML','',1);
/*!40000 ALTER TABLE `esnsatellite_filter_formats` ENABLE KEYS */;
UNLOCK TABLES;

--
-- Table structure for table `esnsatellite_filters`
--

DROP TABLE IF EXISTS `esnsatellite_filters`;
CREATE TABLE `esnsatellite_filters` (
  `format` int(4) NOT NULL default '0',
  `module` varchar(64) NOT NULL default '',
  `delta` tinyint(2) NOT NULL default '0',
  `weight` tinyint(2) NOT NULL default '0',
  KEY `weight` (`weight`)
) TYPE=MyISAM;

--
-- Dumping data for table `esnsatellite_filters`
--

LOCK TABLES `esnsatellite_filters` WRITE;
/*!40000 ALTER TABLE `esnsatellite_filters` DISABLE KEYS */;
INSERT INTO `esnsatellite_filters` VALUES (1,'filter',0,0),(1,'filter',2,1),(2,'filter',1,0),(3,'filter',2,0);
/*!40000 ALTER TABLE `esnsatellite_filters` ENABLE KEYS */;
UNLOCK TABLES;

--
-- Table structure for table `esnsatellite_flood`
--

DROP TABLE IF EXISTS `esnsatellite_flood`;
CREATE TABLE `esnsatellite_flood` (
  `event` varchar(64) NOT NULL default '',
  `hostname` varchar(128) NOT NULL default '',
  `timestamp` int(11) NOT NULL default '0'
) TYPE=MyISAM;

--
-- Dumping data for table `esnsatellite_flood`
--

LOCK TABLES `esnsatellite_flood` WRITE;
/*!40000 ALTER TABLE `esnsatellite_flood` DISABLE KEYS */;
/*!40000 ALTER TABLE `esnsatellite_flood` ENABLE KEYS */;
UNLOCK TABLES;

--
-- Table structure for table `esnsatellite_forum`
--

DROP TABLE IF EXISTS `esnsatellite_forum`;
CREATE TABLE `esnsatellite_forum` (
  `nid` int(10) unsigned NOT NULL default '0',
  `vid` int(10) unsigned NOT NULL default '0',
  `tid` int(10) unsigned NOT NULL default '0',
  PRIMARY KEY  (`vid`),
  KEY `nid` (`nid`),
  KEY `tid` (`tid`)
) TYPE=MyISAM;

--
-- Dumping data for table `esnsatellite_forum`
--

LOCK TABLES `esnsatellite_forum` WRITE;
/*!40000 ALTER TABLE `esnsatellite_forum` DISABLE KEYS */;
/*!40000 ALTER TABLE `esnsatellite_forum` ENABLE KEYS */;
UNLOCK TABLES;

--
-- Table structure for table `esnsatellite_history`
--

DROP TABLE IF EXISTS `esnsatellite_history`;
CREATE TABLE `esnsatellite_history` (
  `uid` int(10) NOT NULL default '0',
  `nid` int(10) NOT NULL default '0',
  `timestamp` int(11) NOT NULL default '0',
  PRIMARY KEY  (`uid`,`nid`)
) TYPE=MyISAM;

--
-- Dumping data for table `esnsatellite_history`
--

LOCK TABLES `esnsatellite_history` WRITE;
/*!40000 ALTER TABLE `esnsatellite_history` DISABLE KEYS */;
INSERT INTO `esnsatellite_history` VALUES (1,1,1170632870),(1,2,1170707502),(1,3,1173211686),(1,4,1171322166),(1,5,1173224293),(1,6,1173223000),(1,7,1173224285),(1,8,1171236033),(1,9,1171228011),(1,10,1172264135),(1,11,1173211759),(1,12,1173211764),(3,13,1172084879),(2,7,1173300382),(1,13,1173222644),(1,14,1172265919),(1,15,1173010151),(1,16,1173010084),(1,17,1173010091),(2,18,1173011983),(2,13,1173011999),(2,17,1173133413),(1,18,1173223577),(1,19,1174221627),(1,20,1174220489),(1,21,1174215937),(1,22,1174221931),(1,23,1174219903);
/*!40000 ALTER TABLE `esnsatellite_history` ENABLE KEYS */;
UNLOCK TABLES;

--
-- Table structure for table `esnsatellite_locales_meta`
--

DROP TABLE IF EXISTS `esnsatellite_locales_meta`;
CREATE TABLE `esnsatellite_locales_meta` (
  `locale` varchar(12) NOT NULL default '',
  `name` varchar(64) NOT NULL default '',
  `enabled` int(2) NOT NULL default '0',
  `isdefault` int(2) NOT NULL default '0',
  `plurals` int(1) NOT NULL default '0',
  `formula` varchar(128) NOT NULL default '',
  PRIMARY KEY  (`locale`)
) TYPE=MyISAM;

--
-- Dumping data for table `esnsatellite_locales_meta`
--

LOCK TABLES `esnsatellite_locales_meta` WRITE;
/*!40000 ALTER TABLE `esnsatellite_locales_meta` DISABLE KEYS */;
INSERT INTO `esnsatellite_locales_meta` VALUES ('en','English',1,1,0,'');
/*!40000 ALTER TABLE `esnsatellite_locales_meta` ENABLE KEYS */;
UNLOCK TABLES;

--
-- Table structure for table `esnsatellite_locales_source`
--

DROP TABLE IF EXISTS `esnsatellite_locales_source`;
CREATE TABLE `esnsatellite_locales_source` (
  `lid` int(11) NOT NULL auto_increment,
  `location` varchar(255) NOT NULL default '',
  `source` blob NOT NULL,
  PRIMARY KEY  (`lid`)
) TYPE=MyISAM;

--
-- Dumping data for table `esnsatellite_locales_source`
--

LOCK TABLES `esnsatellite_locales_source` WRITE;
/*!40000 ALTER TABLE `esnsatellite_locales_source` DISABLE KEYS */;
/*!40000 ALTER TABLE `esnsatellite_locales_source` ENABLE KEYS */;
UNLOCK TABLES;

--
-- Table structure for table `esnsatellite_locales_target`
--

DROP TABLE IF EXISTS `esnsatellite_locales_target`;
CREATE TABLE `esnsatellite_locales_target` (
  `lid` int(11) NOT NULL default '0',
  `translation` blob NOT NULL,
  `locale` varchar(12) NOT NULL default '',
  `plid` int(11) NOT NULL default '0',
  `plural` int(1) NOT NULL default '0',
  KEY `lid` (`lid`),
  KEY `lang` (`locale`),
  KEY `plid` (`plid`),
  KEY `plural` (`plural`)
) TYPE=MyISAM;

--
-- Dumping data for table `esnsatellite_locales_target`
--

LOCK TABLES `esnsatellite_locales_target` WRITE;
/*!40000 ALTER TABLE `esnsatellite_locales_target` DISABLE KEYS */;
/*!40000 ALTER TABLE `esnsatellite_locales_target` ENABLE KEYS */;
UNLOCK TABLES;

--
-- Table structure for table `esnsatellite_menu`
--

DROP TABLE IF EXISTS `esnsatellite_menu`;
CREATE TABLE `esnsatellite_menu` (
  `mid` int(10) unsigned NOT NULL default '0',
  `pid` int(10) unsigned NOT NULL default '0',
  `path` varchar(255) NOT NULL default '',
  `title` varchar(255) NOT NULL default '',
  `description` varchar(255) NOT NULL default '',
  `weight` tinyint(4) NOT NULL default '0',
  `type` int(2) unsigned NOT NULL default '0',
  PRIMARY KEY  (`mid`)
) TYPE=MyISAM;

--
-- Dumping data for table `esnsatellite_menu`
--

LOCK TABLES `esnsatellite_menu` WRITE;
/*!40000 ALTER TABLE `esnsatellite_menu` DISABLE KEYS */;
INSERT INTO `esnsatellite_menu` VALUES (2,0,'','Primary links','',0,115),(3,1,'filter/tips','compose tips','',0,20),(4,1,'node','content','',0,16),(5,1,'admin','administer','',9,310),(6,1,'logout','log out','',10,22),(7,5,'admin/filters','input formats','',0,22),(8,5,'admin/node','content','',0,22),(64,4,'node/add','create content','',1,28),(10,5,'admin/themes','themes','',0,22),(67,5,'admin/settings','settings','',0,54),(12,5,'admin/modules','modules','',0,22),(13,5,'admin/user','users','',0,22),(14,5,'admin/access','access control','',0,22),(15,5,'admin/logs','logs','',0,22),(66,5,'admin/block','blocks','',0,22),(17,5,'admin/comment','comments','',0,22),(18,5,'admin/help','help','',9,22),(19,5,'admin/menu','menus','',0,22),(20,5,'admin/taxonomy','categories','',0,22),(21,11,'admin/settings/node','posts','',0,22),(22,11,'admin/settings/content-types','content types','',0,22),(23,11,'admin/settings/user','users','',0,22),(24,11,'admin/settings/menu','menus','',0,22),(25,65,'node/add/page','Page','',2,54),(26,9,'node/add/story','story','',0,22),(27,11,'admin/settings/aggregator','aggregator','',0,22),(28,11,'admin/settings/upload','upload','',0,22),(29,5,'admin/aggregator','aggregator','',0,22),(30,1,'aggregator','news aggregator','',5,48),(31,8,'admin/node/types','content types','',0,22),(32,5,'admin/contact','contact form','',0,22),(33,1,'contact','contact','',0,20),(34,5,'admin/path','url aliases','',0,22),(35,1,'profile','user list','',0,20),(36,11,'admin/settings/profile','profiles','',0,22),(37,5,'admin/views','views','',0,22),(38,1,'tracker','recent posts','',0,48),(39,30,'aggregator/sources','sources','',0,48),(40,30,'aggregator/categories','categories','',0,28),(41,9,'node/add/content_hospitality','Hospitality','',0,22),(42,5,'admin/panels','panels','',0,22),(62,65,'node/add/content_news','News','',0,54),(44,2,'news','News','',0,54),(45,11,'admin/settings/moxie','tinymce','',0,22),(46,11,'admin/settings/tinymce','tinymce','',0,22),(47,11,'admin/settings/imce','imce','',0,22),(50,11,'admin/settings/jsdomenu','jsdomenu','',0,22),(51,11,'admin/settings/event','event','',0,22),(65,0,'','Create Content','',0,115),(53,11,'admin/settings/nodeteaser','nodeteaser','',0,22),(54,2,'<front>','Home','',-10,118),(58,11,'admin/settings/pathauto','pathauto','',0,22),(68,67,'admin/settings/captcha','captcha','',0,22),(63,65,'node/add/event','Event','',1,54),(69,67,'admin/settings/textimage','textimage','',0,22),(70,67,'admin/settings/signup','signup','',0,22),(71,5,'admin/signup','signup','',0,22),(72,64,'node/add/content_sponsorpartner','Sponsor/Partner','',0,22),(73,65,'node/add/content_partner','Partner','',3,54),(74,2,'partners','Partners','',5,54),(75,2,'node/20','About ESN','General information about Erasmus Student Network',8,118);
/*!40000 ALTER TABLE `esnsatellite_menu` ENABLE KEYS */;
UNLOCK TABLES;

--
-- Table structure for table `esnsatellite_node`
--

DROP TABLE IF EXISTS `esnsatellite_node`;
CREATE TABLE `esnsatellite_node` (
  `nid` int(10) unsigned NOT NULL auto_increment,
  `vid` int(10) unsigned NOT NULL default '0',
  `type` varchar(32) NOT NULL default '',
  `title` varchar(128) NOT NULL default '',
  `uid` int(10) NOT NULL default '0',
  `status` int(4) NOT NULL default '1',
  `created` int(11) NOT NULL default '0',
  `changed` int(11) NOT NULL default '0',
  `comment` int(2) NOT NULL default '0',
  `promote` int(2) NOT NULL default '0',
  `moderate` int(2) NOT NULL default '0',
  `sticky` int(2) NOT NULL default '0',
  PRIMARY KEY  (`nid`,`vid`),
  UNIQUE KEY `vid` (`vid`),
  KEY `node_type` (`type`(4)),
  KEY `node_title_type` (`title`,`type`(4)),
  KEY `status` (`status`),
  KEY `uid` (`uid`),
  KEY `node_moderate` (`moderate`),
  KEY `node_promote_status` (`promote`,`status`),
  KEY `node_created` (`created`),
  KEY `node_changed` (`changed`),
  KEY `node_status_type` (`status`,`type`,`nid`),
  KEY `nid` (`nid`)
) TYPE=MyISAM AUTO_INCREMENT=24;

--
-- Dumping data for table `esnsatellite_node`
--

LOCK TABLES `esnsatellite_node` WRITE;
/*!40000 ALTER TABLE `esnsatellite_node` DISABLE KEYS */;
INSERT INTO `esnsatellite_node` VALUES (19,19,'content_news','Welcome to the ESN Satellite!',1,1,1173300278,1174220126,0,1,0,0),(7,7,'page','History of ESN',1,1,1171226425,1171319202,0,0,0,0),(20,20,'page','About ESN',1,1,1174213453,1174213540,0,0,0,0),(21,21,'content_partner','ESN International',1,1,1174215080,1174215923,2,1,0,0),(22,22,'event','Annual General Meeting',1,1,1174217445,1174221931,0,1,0,0),(23,23,'event','Activate your Satellite!',1,1,1174219902,1174219902,0,1,0,0);
/*!40000 ALTER TABLE `esnsatellite_node` ENABLE KEYS */;
UNLOCK TABLES;

--
-- Table structure for table `esnsatellite_node_access`
--

DROP TABLE IF EXISTS `esnsatellite_node_access`;
CREATE TABLE `esnsatellite_node_access` (
  `nid` int(10) unsigned NOT NULL default '0',
  `gid` int(10) unsigned NOT NULL default '0',
  `realm` varchar(255) NOT NULL default '',
  `grant_view` tinyint(1) unsigned NOT NULL default '0',
  `grant_update` tinyint(1) unsigned NOT NULL default '0',
  `grant_delete` tinyint(1) unsigned NOT NULL default '0',
  PRIMARY KEY  (`nid`,`gid`,`realm`)
) TYPE=MyISAM;

--
-- Dumping data for table `esnsatellite_node_access`
--

LOCK TABLES `esnsatellite_node_access` WRITE;
/*!40000 ALTER TABLE `esnsatellite_node_access` DISABLE KEYS */;
INSERT INTO `esnsatellite_node_access` VALUES (0,0,'all',1,0,0);
/*!40000 ALTER TABLE `esnsatellite_node_access` ENABLE KEYS */;
UNLOCK TABLES;

--
-- Table structure for table `esnsatellite_node_comment_statistics`
--

DROP TABLE IF EXISTS `esnsatellite_node_comment_statistics`;
CREATE TABLE `esnsatellite_node_comment_statistics` (
  `nid` int(10) unsigned NOT NULL auto_increment,
  `last_comment_timestamp` int(11) NOT NULL default '0',
  `last_comment_name` varchar(60) default NULL,
  `last_comment_uid` int(10) NOT NULL default '0',
  `comment_count` int(10) unsigned NOT NULL default '0',
  PRIMARY KEY  (`nid`),
  KEY `node_comment_timestamp` (`last_comment_timestamp`)
) TYPE=MyISAM AUTO_INCREMENT=24;

--
-- Dumping data for table `esnsatellite_node_comment_statistics`
--

LOCK TABLES `esnsatellite_node_comment_statistics` WRITE;
/*!40000 ALTER TABLE `esnsatellite_node_comment_statistics` DISABLE KEYS */;
INSERT INTO `esnsatellite_node_comment_statistics` VALUES (19,1173300278,NULL,1,0),(7,1171226425,NULL,1,0),(20,1174213453,NULL,1,0),(21,1174215080,NULL,1,0),(22,1174217445,NULL,1,0),(23,1174219902,NULL,1,0);
/*!40000 ALTER TABLE `esnsatellite_node_comment_statistics` ENABLE KEYS */;
UNLOCK TABLES;

--
-- Table structure for table `esnsatellite_node_content_news`
--

DROP TABLE IF EXISTS `esnsatellite_node_content_news`;
CREATE TABLE `esnsatellite_node_content_news` (
  `vid` int(10) unsigned NOT NULL default '0',
  `nid` int(10) unsigned NOT NULL default '0',
  `field_image_fid` int(11) NOT NULL default '0',
  `field_image_title` varchar(255) NOT NULL default '',
  `field_image_alt` varchar(255) NOT NULL default '',
  `field_body_value` longtext NOT NULL,
  `field_body_format` int(10) unsigned NOT NULL default '0',
  `field_links_url` varchar(255) NOT NULL default '',
  `field_links_title` varchar(255) NOT NULL default '',
  `field_links_attributes` mediumtext NOT NULL,
  `field_summary_value` longtext NOT NULL,
  PRIMARY KEY  (`vid`)
) TYPE=MyISAM;

--
-- Dumping data for table `esnsatellite_node_content_news`
--

LOCK TABLES `esnsatellite_node_content_news` WRITE;
/*!40000 ALTER TABLE `esnsatellite_node_content_news` DISABLE KEYS */;
INSERT INTO `esnsatellite_node_content_news` VALUES (19,19,11,'','ESN Astronaut','<div class=\"content\"><p>ESN Satellite is the free website template for ESN sections, developed and maintained by the ESN International Webteam.  </p> <h2>ESN Astronaut project: install ESN Satellite for your section!</h2> <p>Try Satellite for your section! The ESN International Webteam is <strong>supporting</strong> interested sections willing to install the ESN Satellite. Documentation will also be available.</p> <p>ESN Satellite is easy to install, but it is still a Web application and its setup is thus different from a normal program installation on your PC. So a basic knowledge of how to <strong>install Web applications</strong> is required if you want to try it out.</p> <p>Join the project, get ESN Satellite and start experimenting!</p> <p>To <strong>apply</strong> for the ESN Astronaut project and be able to <strong>download ESN Satellite</strong>, please fill in the form available at <a href=\"http://www.esn.org/satellite\">http://www.esn.org/satellite</a>. </p><h2>ESN Satellite Resources</h2> <p>If you just wish to know more about the ESN Satellite but don&#39;t want to try it right now, we have some documentation available. We expect it to be extended and improved during the beta testing phase, so please check back often. </p> <ul><li><a href=\"http://www.esn.org/satellite\">Satellite Documentation wiki</a></li><li><a href=\"http://groups.google.com/group/esn-satellite\">ESN Satellite Google Group</a></li></ul> </div>',3,'','','a:1:{s:6:\"target\";s:6:\"_blank\";}','Try Satellite for your section! The ESN International Webteam is <strong>supporting</strong> interested sections willing to install the ESN Satellite.');
/*!40000 ALTER TABLE `esnsatellite_node_content_news` ENABLE KEYS */;
UNLOCK TABLES;

--
-- Table structure for table `esnsatellite_node_content_partner`
--

DROP TABLE IF EXISTS `esnsatellite_node_content_partner`;
CREATE TABLE `esnsatellite_node_content_partner` (
  `vid` int(10) unsigned NOT NULL default '0',
  `nid` int(10) unsigned NOT NULL default '0',
  `field_logo_fid` int(11) NOT NULL default '0',
  `field_logo_title` varchar(255) NOT NULL default '',
  `field_logo_alt` varchar(255) NOT NULL default '',
  `field_description_value` longtext NOT NULL,
  `field_description_format` int(10) unsigned NOT NULL default '0',
  `field_short_description_value` longtext NOT NULL,
  `field_logo_link_url` varchar(255) NOT NULL default '',
  `field_logo_link_title` varchar(255) NOT NULL default '',
  `field_logo_link_attributes` mediumtext NOT NULL,
  PRIMARY KEY  (`vid`)
) TYPE=MyISAM;

--
-- Dumping data for table `esnsatellite_node_content_partner`
--

LOCK TABLES `esnsatellite_node_content_partner` WRITE;
/*!40000 ALTER TABLE `esnsatellite_node_content_partner` DISABLE KEYS */;
INSERT INTO `esnsatellite_node_content_partner` VALUES (21,21,14,'','','<p><a href=\"http://www.esn.org\">Erasmus Student Network</a> supports all sections in their day-to-day activity.</p><p>You can get presentation letters, assistance and official merchandising from the ESN Board or your <a href=\"http://www.esn.org/esn_international/cnr.php\">National Representative</a>.</p>',3,'<strong>Erasmus Student Network</strong> supports all sections in their day-to-day activity.','http://www.esn.org','ESN International','a:1:{s:6:\"target\";s:6:\"_blank\";}');
/*!40000 ALTER TABLE `esnsatellite_node_content_partner` ENABLE KEYS */;
UNLOCK TABLES;

--
-- Table structure for table `esnsatellite_node_counter`
--

DROP TABLE IF EXISTS `esnsatellite_node_counter`;
CREATE TABLE `esnsatellite_node_counter` (
  `nid` int(10) NOT NULL default '0',
  `totalcount` bigint(20) unsigned NOT NULL default '0',
  `daycount` mediumint(8) unsigned NOT NULL default '0',
  `timestamp` int(11) unsigned NOT NULL default '0',
  PRIMARY KEY  (`nid`),
  KEY `totalcount` (`totalcount`),
  KEY `daycount` (`daycount`),
  KEY `timestamp` (`timestamp`)
) TYPE=MyISAM;

--
-- Dumping data for table `esnsatellite_node_counter`
--

LOCK TABLES `esnsatellite_node_counter` WRITE;
/*!40000 ALTER TABLE `esnsatellite_node_counter` DISABLE KEYS */;
/*!40000 ALTER TABLE `esnsatellite_node_counter` ENABLE KEYS */;
UNLOCK TABLES;

--
-- Table structure for table `esnsatellite_node_field`
--

DROP TABLE IF EXISTS `esnsatellite_node_field`;
CREATE TABLE `esnsatellite_node_field` (
  `field_name` varchar(32) NOT NULL default '',
  `type` varchar(127) NOT NULL default '',
  `global_settings` mediumtext NOT NULL,
  `required` int(11) NOT NULL default '0',
  `multiple` int(11) NOT NULL default '0',
  `db_storage` int(11) NOT NULL default '0',
  PRIMARY KEY  (`field_name`)
) TYPE=MyISAM;

--
-- Dumping data for table `esnsatellite_node_field`
--

LOCK TABLES `esnsatellite_node_field` WRITE;
/*!40000 ALTER TABLE `esnsatellite_node_field` DISABLE KEYS */;
INSERT INTO `esnsatellite_node_field` VALUES ('field_summary','text','a:4:{s:15:\"text_processing\";s:1:\"0\";s:10:\"max_length\";s:3:\"500\";s:14:\"allowed_values\";s:0:\"\";s:18:\"allowed_values_php\";s:0:\"\";}',1,0,1),('field_logo','image','a:0:{}',0,0,1),('field_description','text','a:4:{s:15:\"text_processing\";s:1:\"1\";s:10:\"max_length\";s:0:\"\";s:14:\"allowed_values\";s:0:\"\";s:18:\"allowed_values_php\";s:0:\"\";}',1,0,1),('field_short_description','text','a:4:{s:15:\"text_processing\";s:1:\"0\";s:10:\"max_length\";s:0:\"\";s:14:\"allowed_values\";s:0:\"\";s:18:\"allowed_values_php\";s:0:\"\";}',1,0,1),('field_logo_link','link','a:2:{s:10:\"attributes\";a:2:{s:6:\"target\";s:4:\"user\";s:3:\"rel\";i:0;}s:5:\"title\";s:8:\"optional\";}',0,0,1),('field_image','image','a:0:{}',0,0,1),('field_body','text','a:4:{s:15:\"text_processing\";s:1:\"1\";s:10:\"max_length\";s:0:\"\";s:14:\"allowed_values\";s:0:\"\";s:18:\"allowed_values_php\";s:0:\"\";}',1,0,1),('field_links','link','a:2:{s:10:\"attributes\";a:2:{s:6:\"target\";s:4:\"user\";s:3:\"rel\";i:0;}s:5:\"title\";s:8:\"required\";}',0,0,1);
/*!40000 ALTER TABLE `esnsatellite_node_field` ENABLE KEYS */;
UNLOCK TABLES;

--
-- Table structure for table `esnsatellite_node_field_instance`
--

DROP TABLE IF EXISTS `esnsatellite_node_field_instance`;
CREATE TABLE `esnsatellite_node_field_instance` (
  `field_name` varchar(32) NOT NULL default '',
  `type_name` varchar(32) NOT NULL default '',
  `weight` int(11) NOT NULL default '0',
  `label` varchar(255) NOT NULL default '',
  `widget_type` varchar(32) NOT NULL default '',
  `widget_settings` mediumtext NOT NULL,
  `display_settings` mediumtext NOT NULL,
  `description` mediumtext NOT NULL,
  PRIMARY KEY  (`field_name`,`type_name`)
) TYPE=MyISAM;

--
-- Dumping data for table `esnsatellite_node_field_instance`
--

LOCK TABLES `esnsatellite_node_field_instance` WRITE;
/*!40000 ALTER TABLE `esnsatellite_node_field_instance` DISABLE KEYS */;
INSERT INTO `esnsatellite_node_field_instance` VALUES ('field_logo_link','content_partner',1,'Logo link','link','a:2:{s:13:\"default_value\";a:1:{i:0;a:2:{s:3:\"url\";s:0:\"\";s:5:\"title\";s:0:\"\";}}s:17:\"default_value_php\";s:0:\"\";}','a:3:{s:5:\"label\";a:1:{s:6:\"format\";s:6:\"hidden\";}s:6:\"teaser\";a:1:{s:6:\"format\";s:7:\"default\";}s:4:\"full\";a:1:{s:6:\"format\";s:7:\"default\";}}',''),('field_summary','content_news',1,'Summary','text','a:3:{s:13:\"default_value\";a:1:{i:0;a:1:{s:5:\"value\";s:0:\"\";}}s:17:\"default_value_php\";s:0:\"\";s:4:\"rows\";s:2:\"10\";}','a:3:{s:5:\"label\";a:1:{s:6:\"format\";s:6:\"hidden\";}s:6:\"teaser\";a:1:{s:6:\"format\";s:7:\"default\";}s:4:\"full\";a:1:{s:6:\"format\";s:7:\"default\";}}','A breif description of the news content, max 500 characters (you can simply copy and paste the very first rows from the news body).'),('field_logo','content_partner',0,'Logo','image','a:3:{s:13:\"default_value\";N;s:17:\"default_value_php\";s:0:\"\";s:14:\"max_resolution\";s:7:\"300x300\";}','a:3:{s:5:\"label\";a:1:{s:6:\"format\";s:6:\"hidden\";}s:6:\"teaser\";a:1:{s:6:\"format\";s:7:\"default\";}s:4:\"full\";a:1:{s:6:\"format\";s:7:\"default\";}}','Your partner logo.'),('field_description','content_partner',3,'Description','text','a:3:{s:13:\"default_value\";a:1:{i:0;a:1:{s:5:\"value\";s:0:\"\";}}s:17:\"default_value_php\";s:0:\"\";s:4:\"rows\";s:2:\"25\";}','a:3:{s:5:\"label\";a:1:{s:6:\"format\";s:6:\"hidden\";}s:6:\"teaser\";a:1:{s:6:\"format\";s:7:\"default\";}s:4:\"full\";a:1:{s:6:\"format\";s:7:\"default\";}}','A description of your partnership'),('field_short_description','content_partner',2,'Short description','text','a:3:{s:13:\"default_value\";a:1:{i:0;a:1:{s:5:\"value\";s:0:\"\";}}s:17:\"default_value_php\";s:0:\"\";s:4:\"rows\";s:1:\"7\";}','a:3:{s:5:\"label\";a:1:{s:6:\"format\";s:6:\"hidden\";}s:6:\"teaser\";a:1:{s:6:\"format\";s:7:\"default\";}s:4:\"full\";a:1:{s:6:\"format\";s:7:\"default\";}}',''),('field_image','content_news',0,'Image','image','a:3:{s:13:\"default_value\";N;s:17:\"default_value_php\";s:0:\"\";s:14:\"max_resolution\";s:7:\"400x300\";}','a:3:{s:5:\"label\";a:1:{s:6:\"format\";s:6:\"hidden\";}s:6:\"teaser\";a:1:{s:6:\"format\";s:7:\"default\";}s:4:\"full\";a:1:{s:6:\"format\";s:7:\"default\";}}',''),('field_body','content_news',2,'Body','text','a:3:{s:13:\"default_value\";a:1:{i:0;a:2:{s:5:\"value\";s:0:\"\";s:6:\"format\";s:1:\"3\";}}s:17:\"default_value_php\";s:0:\"\";s:4:\"rows\";s:2:\"25\";}','a:3:{s:5:\"label\";a:1:{s:6:\"format\";s:6:\"hidden\";}s:6:\"teaser\";a:1:{s:6:\"format\";s:7:\"default\";}s:4:\"full\";a:1:{s:6:\"format\";s:7:\"default\";}}',''),('field_links','content_news',3,'Link','link','a:2:{s:13:\"default_value\";a:2:{i:0;a:3:{s:3:\"url\";s:0:\"\";s:5:\"title\";s:0:\"\";s:10:\"attributes\";a:0:{}}i:1;a:3:{s:3:\"url\";s:0:\"\";s:5:\"title\";s:0:\"\";s:10:\"attributes\";a:0:{}}}s:17:\"default_value_php\";s:0:\"\";}','a:3:{s:5:\"label\";a:1:{s:6:\"format\";s:6:\"hidden\";}s:6:\"teaser\";a:1:{s:6:\"format\";s:6:\"hidden\";}s:4:\"full\";a:1:{s:6:\"format\";s:7:\"default\";}}','');
/*!40000 ALTER TABLE `esnsatellite_node_field_instance` ENABLE KEYS */;
UNLOCK TABLES;

--
-- Table structure for table `esnsatellite_node_group`
--

DROP TABLE IF EXISTS `esnsatellite_node_group`;
CREATE TABLE `esnsatellite_node_group` (
  `type_name` varchar(32) NOT NULL default '',
  `group_name` varchar(32) NOT NULL default '',
  `label` varchar(255) NOT NULL default '',
  `settings` varchar(255) NOT NULL default '',
  `description` mediumtext NOT NULL,
  `weight` tinyint(4) NOT NULL,
  PRIMARY KEY  (`type_name`,`group_name`)
) TYPE=MyISAM;

--
-- Dumping data for table `esnsatellite_node_group`
--

LOCK TABLES `esnsatellite_node_group` WRITE;
/*!40000 ALTER TABLE `esnsatellite_node_group` DISABLE KEYS */;
/*!40000 ALTER TABLE `esnsatellite_node_group` ENABLE KEYS */;
UNLOCK TABLES;

--
-- Table structure for table `esnsatellite_node_group_fields`
--

DROP TABLE IF EXISTS `esnsatellite_node_group_fields`;
CREATE TABLE `esnsatellite_node_group_fields` (
  `type_name` varchar(32) NOT NULL default '',
  `group_name` varchar(32) NOT NULL default '',
  `field_name` varchar(32) NOT NULL default '',
  PRIMARY KEY  (`type_name`,`group_name`,`field_name`)
) TYPE=MyISAM;

--
-- Dumping data for table `esnsatellite_node_group_fields`
--

LOCK TABLES `esnsatellite_node_group_fields` WRITE;
/*!40000 ALTER TABLE `esnsatellite_node_group_fields` DISABLE KEYS */;
/*!40000 ALTER TABLE `esnsatellite_node_group_fields` ENABLE KEYS */;
UNLOCK TABLES;

--
-- Table structure for table `esnsatellite_node_revisions`
--

DROP TABLE IF EXISTS `esnsatellite_node_revisions`;
CREATE TABLE `esnsatellite_node_revisions` (
  `nid` int(10) unsigned NOT NULL,
  `vid` int(10) unsigned NOT NULL,
  `uid` int(10) NOT NULL default '0',
  `title` varchar(128) NOT NULL default '',
  `body` longtext NOT NULL,
  `teaser` longtext NOT NULL,
  `log` longtext NOT NULL,
  `timestamp` int(11) NOT NULL default '0',
  `format` int(4) NOT NULL default '0',
  PRIMARY KEY  (`vid`),
  KEY `nid` (`nid`),
  KEY `uid` (`uid`)
) TYPE=MyISAM;

--
-- Dumping data for table `esnsatellite_node_revisions`
--

LOCK TABLES `esnsatellite_node_revisions` WRITE;
/*!40000 ALTER TABLE `esnsatellite_node_revisions` DISABLE KEYS */;
INSERT INTO `esnsatellite_node_revisions` VALUES (19,19,1,'Welcome to the ESN Satellite!','','','',1174220126,0),(7,7,1,'History of ESN','<p>In 1987 a plan to create an extensive mobility scheme for higher education was approved by the European Community (EC). One part of this was the <a href=\"http://www.esn.org/students/erasmus.php\">Erasmus programme</a> - for students in order to provide the opportunity to spend part of their studies abroad.</p> <p>In 1989 the Erasmus Bureau invited 32 former Erasmus Students for an evaluation meeting in Ghent, Belgium. This meeting was a starting point for Erasmus Student Network. The problems that became obvious in the evaluation were the main tasks for the founders of ESN to work on. Behind all this stood the idea &quot;students helping students&quot;, which is still the most important motto of ESN volunteers.</p> <p>ESN sections were founded in various European universities, and with financial support from the EC, in October, 1990 the meeting for the official founding of ESN International was organised in Copenhagen, Denmark with 49 participants from almost all member states of the EC. ESN International became a legal association. Desiree Majoor from Utrecht, Netherlands was the first president in ESN history.</p> <p>By 1994 ESN already had 60 sections in 14 countries and it was growing year by year. </p> <p>16 years after the creation, ESN network consists of 220 sections in 28 European countries as well as in Morocco. New technology has tremendously improved collaboration between sections and frequent meetings strengthen the ties between ESN members as well as serve the possibility to exchange ideas and work together for a better future.</p> <p>In September 2005, ESN established a seat in Brussels, with the President, the Vice President and the ESN Secretary working full time. ESN House is a place where the Board lives and where the ESN volunteers can stay while exploring the European capital. </p>  <p>The interest among students to spend part of their studies abroad is continuously increasing. As the Bologna declaration, signed by European Ministers of Education in 1999, states the aim to reach 3 million exchange students by the year 2010, ESN network is more needed than ever to strengthen the Socrates/ Erasmus Programme. Nowadays, when more exchange programmes are being created, ESN continues to assist not only those who are abroad as Erasmus, but all the exchange students, also those from Asia and Americas.</p>','<p>In 1987 a plan to create an extensive mobility scheme for higher education was approved by the European Community (EC). One part of this was the <a href=\"http://www.esn.org/students/erasmus.php\">Erasmus programme</a> - for students in order to provide the opportunity to spend part of their studies abroad.</p>','',1171319202,3),(20,20,1,'About ESN','<strong>Erasmus Student Network (ESN)</strong> is a non-for-profit international student organisation. Our <a href=\"http://www.esn.org/esn_international/vision_mission_values.php\"><strong>mission</strong></a> is to foster student mobility in Higher Education under the principle of <strong>Students Helping Students</strong>.<p>&#160;</p> <p>We are<strong> 10.000 members</strong> from <a href=\"http://www.esn.org/esn_international/section.php\"><strong>240 local sections</strong></a> in <strong>31 countries</strong> working on a volunteer base in Higher Education Institutions. We are offering services to <strong>150.000 students</strong>.</p> <p>Our <strong>Headquarters</strong> is in Brussels, at 98 Rue du Trône. We are registered in Belgium as an <strong>international NGO (AISBL)</strong>.</p> ','<strong>Erasmus Student Network (ESN)</strong> is a non-for-profit international student organisation. Our <a href=\"http://www.esn.org/esn_international/vision_mission_values.php\"><strong>mission</strong></a> is to foster student mobility in Higher Education under the principle of <strong>Students Helping Students</strong>.<p>&#160;</p>','',1174213540,3),(21,21,1,'ESN International','','','',1174215923,0),(22,22,1,'Annual General Meeting','<p>The ESN Annual General Meeting 2007 is being held in <a href=\"http://www.agmprague.org\">Prague</a>.</p><p> As usual, hard work and hard partying... like an Erasmus experience concentrated in four days! </p>','<p>The ESN Annual General Meeting 2007 is being held in <a href=\"http://www.agmprague.org\">Prague</a>.</p><p> As usual, hard work and hard partying... like an Erasmus experience concentrated in four days! </p>','',1174221931,3),(23,23,1,'Activate your Satellite!','<p>Share events, news and partners from your sections with the whole ESN!</p><p>Remember to link this ESN Satellite to the whole ESN Galaxy: go to <a href=\"http://galaxy.esn.org\">http://galaxy.esn.org</a> to join! </p>','<p>Share events, news and partners from your sections with the whole ESN!</p><p>Remember to link this ESN Satellite to the whole ESN Galaxy: go to <a href=\"http://galaxy.esn.org\">http://galaxy.esn.org</a> to join! </p>','',1174219902,3);
/*!40000 ALTER TABLE `esnsatellite_node_revisions` ENABLE KEYS */;
UNLOCK TABLES;

--
-- Table structure for table `esnsatellite_node_type_content`
--

DROP TABLE IF EXISTS `esnsatellite_node_type_content`;
CREATE TABLE `esnsatellite_node_type_content` (
  `type_name` varchar(32) NOT NULL default '',
  `label` varchar(255) NOT NULL default '',
  `description` mediumtext NOT NULL,
  `help` mediumtext NOT NULL,
  `title_label` varchar(255) NOT NULL default '',
  PRIMARY KEY  (`type_name`)
) TYPE=MyISAM;

--
-- Dumping data for table `esnsatellite_node_type_content`
--

LOCK TABLES `esnsatellite_node_type_content` WRITE;
/*!40000 ALTER TABLE `esnsatellite_node_type_content` DISABLE KEYS */;
INSERT INTO `esnsatellite_node_type_content` VALUES ('content_partner','Partner','Add a partner or a sponsor of your ESN section.','','Partner'),('content_news','News','Add a news in your ESN Satellite!','','Title');
/*!40000 ALTER TABLE `esnsatellite_node_type_content` ENABLE KEYS */;
UNLOCK TABLES;

--
-- Table structure for table `esnsatellite_nodeasblock`
--

DROP TABLE IF EXISTS `esnsatellite_nodeasblock`;
CREATE TABLE `esnsatellite_nodeasblock` (
  `nid` int(11) NOT NULL,
  PRIMARY KEY  (`nid`)
) TYPE=MyISAM;

--
-- Dumping data for table `esnsatellite_nodeasblock`
--

LOCK TABLES `esnsatellite_nodeasblock` WRITE;
/*!40000 ALTER TABLE `esnsatellite_nodeasblock` DISABLE KEYS */;
/*!40000 ALTER TABLE `esnsatellite_nodeasblock` ENABLE KEYS */;
UNLOCK TABLES;

--
-- Table structure for table `esnsatellite_nodeteaser`
--

DROP TABLE IF EXISTS `esnsatellite_nodeteaser`;
CREATE TABLE `esnsatellite_nodeteaser` (
  `nid` int(11) NOT NULL default '0',
  `teaser` text NOT NULL,
  KEY `nid` (`nid`)
) TYPE=MyISAM;

--
-- Dumping data for table `esnsatellite_nodeteaser`
--

LOCK TABLES `esnsatellite_nodeteaser` WRITE;
/*!40000 ALTER TABLE `esnsatellite_nodeteaser` DISABLE KEYS */;
/*!40000 ALTER TABLE `esnsatellite_nodeteaser` ENABLE KEYS */;
UNLOCK TABLES;

--
-- Table structure for table `esnsatellite_panels_area`
--

DROP TABLE IF EXISTS `esnsatellite_panels_area`;
CREATE TABLE `esnsatellite_panels_area` (
  `did` int(10) NOT NULL default '0',
  `area` varchar(32) default NULL,
  `type` varchar(32) default NULL,
  `configuration` longtext,
  `position` int(5) default NULL,
  KEY `did` (`did`)
) TYPE=MyISAM;

--
-- Dumping data for table `esnsatellite_panels_area`
--

LOCK TABLES `esnsatellite_panels_area` WRITE;
/*!40000 ALTER TABLE `esnsatellite_panels_area` DISABLE KEYS */;
INSERT INTO `esnsatellite_panels_area` VALUES (1,'left','block','a:4:{s:6:\"module\";s:4:\"node\";s:5:\"delta\";s:1:\"0\";s:14:\"override_title\";i:0;s:19:\"override_title_text\";s:0:\"\";}',0),(1,'middle','node','a:3:{s:3:\"nid\";s:1:\"1\";s:6:\"teaser\";i:0;s:5:\"links\";i:0;}',0),(1,'right','block','a:4:{s:6:\"module\";s:4:\"user\";s:5:\"delta\";s:1:\"1\";s:14:\"override_title\";i:0;s:19:\"override_title_text\";s:0:\"\";}',0),(2,'top','views','a:6:{s:4:\"view\";s:4:\"News\";s:4:\"type\";s:4:\"page\";s:8:\"pager_id\";s:1:\"0\";s:14:\"nodes_per_page\";s:1:\"5\";s:4:\"args\";s:0:\"\";s:3:\"url\";s:0:\"\";}',0),(2,'top','block','a:4:{s:6:\"module\";s:5:\"event\";s:5:\"delta\";s:1:\"1\";s:14:\"override_title\";i:0;s:19:\"override_title_text\";s:0:\"\";}',1),(2,'top','custom','a:3:{s:5:\"title\";s:8:\"Partners\";s:4:\"body\";s:1320:\"<strong> ESN Favourite Airlines</strong><br /> 		     	<a href=\"http://www.skyeurope.com/erasmus\" target=\"_blank\"> 			</a><br /> <a href=\"http://www.skyeurope.com/erasmus\" target=\"_blank\">				<img style=\"margin-bottom: 15px; margin-top: 5px\" src=\"http://www.esn.org/images/banners/skyeurope_new.gif\" border=\"0\" alt=\"Skyeurope\" /></a> 			<br /><div align=\"left\"> 	  		 				   			 	<strong>Our Partner in Education and Training</strong><br /></div> 		     	<a href=\"http://www.unibocconi.it/index.php?proc_id=65&amp;nav_level1=2&amp;nav_level2=0&amp;nav_level3=0\" target=\"_blank\"> 			</a><br /> <a href=\"http://www.unibocconi.it/index.php?proc_id=65&amp;nav_level1=2&amp;nav_level2=0&amp;nav_level3=0\" target=\"_blank\">				<img style=\"margin-bottom: 15px; margin-top: 5px\" src=\"http://www.esn.org/images/banners/120x48_bocconi.gif\" border=\"0\" alt=\"Bocconi\" /></a> 			<br /><div align=\"left\"> 	    			 	<strong>ESN Preferred Student Insurance</strong><br /> 		     	<a href=\"http://www.swisscare.ch/ESN_esi_cop_start.html\" target=\"_blank\"> 			</a></div><div style=\"text-align: center\"><div align=\"left\"> <a href=\"http://www.swisscare.ch/ESN_esi_cop_start.html\" target=\"_blank\">				<img style=\"margin-top: 5px\" src=\"http://www.esn.org/images/banners/logo_esi_swisscare.gif\" border=\"0\" alt=\"Swisscare\" /></a></div> 			</div>\";s:6:\"format\";s:1:\"3\";}',2);
/*!40000 ALTER TABLE `esnsatellite_panels_area` ENABLE KEYS */;
UNLOCK TABLES;

--
-- Table structure for table `esnsatellite_panels_info`
--

DROP TABLE IF EXISTS `esnsatellite_panels_info`;
CREATE TABLE `esnsatellite_panels_info` (
  `did` int(10) NOT NULL default '0',
  `title` varchar(128) default NULL,
  `access` varchar(128) default NULL,
  `path` varchar(128) default NULL,
  `css_id` varchar(128) default NULL,
  `layout` varchar(32) default NULL,
  PRIMARY KEY  (`did`)
) TYPE=MyISAM;

--
-- Dumping data for table `esnsatellite_panels_info`
--

LOCK TABLES `esnsatellite_panels_info` WRITE;
/*!40000 ALTER TABLE `esnsatellite_panels_info` DISABLE KEYS */;
INSERT INTO `esnsatellite_panels_info` VALUES (1,'Custom page','','custom','','panels_dnd'),(2,'','','home','','threecol_25_50_25_stacked');
/*!40000 ALTER TABLE `esnsatellite_panels_info` ENABLE KEYS */;
UNLOCK TABLES;

--
-- Table structure for table `esnsatellite_permission`
--

DROP TABLE IF EXISTS `esnsatellite_permission`;
CREATE TABLE `esnsatellite_permission` (
  `rid` int(10) unsigned NOT NULL default '0',
  `perm` longtext,
  `tid` int(10) unsigned NOT NULL default '0',
  KEY `rid` (`rid`)
) TYPE=MyISAM;

--
-- Dumping data for table `esnsatellite_permission`
--

LOCK TABLES `esnsatellite_permission` WRITE;
/*!40000 ALTER TABLE `esnsatellite_permission` DISABLE KEYS */;
INSERT INTO `esnsatellite_permission` VALUES (1,'access news feeds, access comments, view files, access content, allow signups, access textimages, view uploaded files',0),(2,'access news feeds, access comments, post comments, post comments without approval, view files, access content, allow signups, access textimages, access tinymce, view uploaded files, access user profiles',0),(3,'access news feeds, create events, edit own events, access comments, post comments, post comments without approval, create content_news content, create content_partner content, edit content_news content, edit content_partner content, edit own content_news content, edit own content_partner content, delete files, limitless upload, upload files, view files, access content, create pages, edit own pages, allow signups, access textimages, access tinymce, view uploaded files, access user profiles',0),(4,'access news feeds, administer news feeds, create events, edit own events, administer blocks, access comments, administer comments, post comments, post comments without approval, create content_news content, create content_partner content, edit content_news content, edit content_partner content, edit own content_news content, edit own content_partner content, delete files, limitless upload, upload files, view files, administer menu, access content, administer nodes, create pages, edit own pages, create panels, administer url aliases, create url aliases, admin own signups, admin signups, allow signups, administer site configuration, access textimages, access tinymce, view uploaded files, access user profiles, administer users',0);
/*!40000 ALTER TABLE `esnsatellite_permission` ENABLE KEYS */;
UNLOCK TABLES;

--
-- Table structure for table `esnsatellite_poll`
--

DROP TABLE IF EXISTS `esnsatellite_poll`;
CREATE TABLE `esnsatellite_poll` (
  `nid` int(10) unsigned NOT NULL default '0',
  `runtime` int(10) NOT NULL default '0',
  `active` int(2) unsigned NOT NULL default '0',
  PRIMARY KEY  (`nid`)
) TYPE=MyISAM;

--
-- Dumping data for table `esnsatellite_poll`
--

LOCK TABLES `esnsatellite_poll` WRITE;
/*!40000 ALTER TABLE `esnsatellite_poll` DISABLE KEYS */;
/*!40000 ALTER TABLE `esnsatellite_poll` ENABLE KEYS */;
UNLOCK TABLES;

--
-- Table structure for table `esnsatellite_poll_choices`
--

DROP TABLE IF EXISTS `esnsatellite_poll_choices`;
CREATE TABLE `esnsatellite_poll_choices` (
  `chid` int(10) unsigned NOT NULL auto_increment,
  `nid` int(10) unsigned NOT NULL default '0',
  `chtext` varchar(128) NOT NULL default '',
  `chvotes` int(6) NOT NULL default '0',
  `chorder` int(2) NOT NULL default '0',
  PRIMARY KEY  (`chid`),
  KEY `nid` (`nid`)
) TYPE=MyISAM;

--
-- Dumping data for table `esnsatellite_poll_choices`
--

LOCK TABLES `esnsatellite_poll_choices` WRITE;
/*!40000 ALTER TABLE `esnsatellite_poll_choices` DISABLE KEYS */;
/*!40000 ALTER TABLE `esnsatellite_poll_choices` ENABLE KEYS */;
UNLOCK TABLES;

--
-- Table structure for table `esnsatellite_poll_votes`
--

DROP TABLE IF EXISTS `esnsatellite_poll_votes`;
CREATE TABLE `esnsatellite_poll_votes` (
  `nid` int(10) unsigned NOT NULL,
  `uid` int(10) unsigned NOT NULL default '0',
  `hostname` varchar(128) NOT NULL default '',
  KEY `nid` (`nid`),
  KEY `uid` (`uid`),
  KEY `hostname` (`hostname`)
) TYPE=MyISAM;

--
-- Dumping data for table `esnsatellite_poll_votes`
--

LOCK TABLES `esnsatellite_poll_votes` WRITE;
/*!40000 ALTER TABLE `esnsatellite_poll_votes` DISABLE KEYS */;
/*!40000 ALTER TABLE `esnsatellite_poll_votes` ENABLE KEYS */;
UNLOCK TABLES;

--
-- Table structure for table `esnsatellite_profile_fields`
--

DROP TABLE IF EXISTS `esnsatellite_profile_fields`;
CREATE TABLE `esnsatellite_profile_fields` (
  `fid` int(10) NOT NULL auto_increment,
  `title` varchar(255) default NULL,
  `name` varchar(128) default NULL,
  `explanation` text,
  `category` varchar(255) default NULL,
  `page` varchar(255) default NULL,
  `type` varchar(128) default NULL,
  `weight` tinyint(1) NOT NULL default '0',
  `required` tinyint(1) NOT NULL default '0',
  `register` tinyint(1) NOT NULL default '0',
  `visibility` tinyint(1) NOT NULL default '0',
  `autocomplete` tinyint(1) NOT NULL default '0',
  `options` text,
  PRIMARY KEY  (`fid`),
  UNIQUE KEY `name` (`name`),
  KEY `category` (`category`)
) TYPE=MyISAM AUTO_INCREMENT=5;

--
-- Dumping data for table `esnsatellite_profile_fields`
--

LOCK TABLES `esnsatellite_profile_fields` WRITE;
/*!40000 ALTER TABLE `esnsatellite_profile_fields` DISABLE KEYS */;
INSERT INTO `esnsatellite_profile_fields` VALUES (1,'Real name','profile_realname','','Personal information','','textfield',0,0,0,2,0,''),(2,'Home Country','profile_homecountry','','Personal information','','selection',1,0,0,2,0,'AFGHANISTAN\r\nALBANIA\r\nALGERIA\r\nAMERICAN SAMOA\r\nANDORRA\r\nANGOLA\r\nANTIGUA AND BARBUDA\r\nARGENTINA\r\nARMENIA\r\nARUBA\r\nAUSTRALIA\r\nAUSTRIA\r\nAZERBAIJAN\r\nBAHAMAS\r\nBAHRAIN\r\nBANGLADESH\r\nBARBADOS\r\nBELARUS\r\nBELGIUM\r\nBELIZE\r\nBENIN\r\nBERMUDA\r\nBHUTAN\r\nBOLIVIA\r\nBOSNIA AND HERZEGOVINA\r\nBOTSWANA\r\nBRAZIL\r\nBRITISH INDIAN OCEAN TERRITORY\r\nBRUNEI DARUSSALAM\r\nBULGARIA\r\nBURKINA FASO\r\nBURUNDI\r\nCAMBODIA\r\nCAMEROON\r\nCANADA\r\nCAPE VERDE\r\nCAYMAN ISLANDS\r\nCENTRAL AFRICAN REPUBLIC\r\nCHAD\r\nCHILE\r\nCHINA\r\nCOLOMBIA\r\nCOMOROS\r\nCONGO\r\nCOOK ISLANDS\r\nCOSTA RICA\r\nCOTE D\'IVOIRE\r\nCROATIA\r\nCUBA\r\nCYPRUS\r\nCZECH REPUBLIC\r\nDENMARK\r\nDJIBOUTI\r\nDOMINICA\r\nDOMINICAN REPUBLIC\r\nEAST TIMOR\r\nECUADOR\r\nEGYPT\r\nEL SALVADOR\r\nEQUATORIAL GUINEA\r\nERITREA\r\nESTONIA\r\nETHIOPIA\r\nFALKLAND ISLANDS (MALVINAS)\r\nFAROE ISLANDS\r\nFEDERATED STATES OF MICRONESIA\r\nFIJI\r\nFINLAND\r\nFRANCE\r\nFRENCH POLYNESIA\r\nFRENCH SOUTHERN TERRITORIES\r\nGABON\r\nGAMBIA\r\nGEORGIA\r\nGERMANY\r\nGHANA\r\nGIBRALTAR\r\nGREECE\r\nGREENLAND\r\nGRENADA\r\nGUADELOUPE\r\nGUAM\r\nGUATEMALA\r\nGUINEA\r\nGUINEA-BISSAU\r\nGUYANA\r\nHAITI\r\nHOLY SEE (VATICAN CITY STATE)\r\nHONDURAS\r\nHONG KONG\r\nHUNGARY\r\nICELAND\r\nINDIA\r\nINDONESIA\r\nIRAQ\r\nIRELAND\r\nISLAMIC REPUBLIC OF IRAN\r\nISRAEL\r\nITALY\r\nJAMAICA\r\nJAPAN\r\nJORDAN\r\nKAZAKHSTAN\r\nKENYA\r\nKIRIBATI\r\nKUWAIT\r\nKYRGYZSTAN\r\nLAO PEOPLE\'S DEMOCRATIC REPUBL\r\nLATVIA\r\nLEBANON\r\nLESOTHO\r\nLIBERIA\r\nLIBYAN ARAB JAMAHIRIYA\r\nLIECHTENSTEIN\r\nLITHUANIA\r\nLUXEMBOURG\r\nMACAO\r\nMADAGASCAR\r\nMALAWI\r\nMALAYSIA\r\nMALDIVES\r\nMALI\r\nMALTA\r\nMARSHALL ISLANDS\r\nMARTINIQUE\r\nMAURITANIA\r\nMAURITIUS\r\nMEXICO\r\nMONACO\r\nMONGOLIA\r\nMOROCCO\r\nMOZAMBIQUE\r\nMYANMAR\r\nNAMIBIA\r\nNAURU\r\nNEPAL\r\nNETHERLANDS\r\nNETHERLANDS ANTILLES\r\nNEW CALEDONIA\r\nNEW ZEALAND\r\nNICARAGUA\r\nNIGER\r\nNIGERIA\r\nNORTHERN MARIANA ISLANDS\r\nNORWAY\r\nOMAN\r\nPAKISTAN\r\nPALAU\r\nPALESTINIAN TERRITORY, OCCUPIE\r\nPANAMA\r\nPAPUA NEW GUINEA\r\nPARAGUAY\r\nPERU\r\nPHILIPPINES\r\nPOLAND\r\nPORTUGAL\r\nPUERTO RICO\r\nQATAR\r\nREPUBLIC OF KOREA\r\nREPUBLIC OF MOLDOVA\r\nREUNION\r\nROMANIA\r\nRUSSIAN FEDERATION\r\nRWANDA\r\nSAINT KITTS AND NEVIS\r\nSAINT LUCIA\r\nSAINT VINCENT AND THE GRENADIN\r\nSAMOA\r\nSAN MARINO\r\nSAO TOME AND PRINCIPE\r\nSAUDI ARABIA\r\nSENEGAL\r\nSERBIA\r\nSEYCHELLES\r\nSIERRA LEONE\r\nSINGAPORE\r\nSLOVAKIA\r\nSLOVENIA\r\nSOLOMON ISLANDS\r\nSOMALIA\r\nSOUTH AFRICA\r\nSPAIN\r\nSRI LANKA\r\nSUDAN\r\nSURINAME\r\nSWAZILAND\r\nSWEDEN\r\nSWITZERLAND\r\nSYRIAN ARAB REPUBLIC\r\nTAIWAN\r\nTAJIKISTAN\r\nTHAILAND\r\nTHE DEMOCRATIC REPUBLIC OF THE\r\nTHE FORMER YUGOSLAV REPUBLIC O\r\nTOGO\r\nTOKELAU\r\nTONGA\r\nTRINIDAD AND TOBAGO\r\nTUNISIA\r\nTURKEY\r\nTURKMENISTAN\r\nTURKS AND CAICOS ISLANDS\r\nTUVALU\r\nUGANDA\r\nUKRAINE\r\nUNITED ARAB EMIRATES\r\nUNITED KINGDOM\r\nUNITED REPUBLIC OF TANZANIA\r\nUNITED STATES\r\nURUGUAY\r\nUZBEKISTAN\r\nVANUATU\r\nVENEZUELA\r\nVIET NAM\r\nVIRGIN ISLANDS, BRITISH\r\nVIRGIN ISLANDS, U.S.\r\nWESTERN SAHARA\r\nYEMEN\r\nZAMBIA\r\nZIMBABWE'),(3,'Birth Date','profile_birthdate','','Personal information','','date',3,0,0,2,0,''),(4,'Gender','profile_gender','','Personal information','','selection',4,0,0,2,0,'Male\r\nFemale');
/*!40000 ALTER TABLE `esnsatellite_profile_fields` ENABLE KEYS */;
UNLOCK TABLES;

--
-- Table structure for table `esnsatellite_profile_values`
--

DROP TABLE IF EXISTS `esnsatellite_profile_values`;
CREATE TABLE `esnsatellite_profile_values` (
  `fid` int(10) unsigned default '0',
  `uid` int(10) unsigned default '0',
  `value` text,
  KEY `uid` (`uid`),
  KEY `fid` (`fid`)
) TYPE=MyISAM;

--
-- Dumping data for table `esnsatellite_profile_values`
--

LOCK TABLES `esnsatellite_profile_values` WRITE;
/*!40000 ALTER TABLE `esnsatellite_profile_values` DISABLE KEYS */;
/*!40000 ALTER TABLE `esnsatellite_profile_values` ENABLE KEYS */;
UNLOCK TABLES;

--
-- Table structure for table `esnsatellite_role`
--

DROP TABLE IF EXISTS `esnsatellite_role`;
CREATE TABLE `esnsatellite_role` (
  `rid` int(10) unsigned NOT NULL auto_increment,
  `name` varchar(32) NOT NULL default '',
  PRIMARY KEY  (`rid`),
  UNIQUE KEY `name` (`name`)
) TYPE=MyISAM AUTO_INCREMENT=5;

--
-- Dumping data for table `esnsatellite_role`
--

LOCK TABLES `esnsatellite_role` WRITE;
/*!40000 ALTER TABLE `esnsatellite_role` DISABLE KEYS */;
INSERT INTO `esnsatellite_role` VALUES (1,'anonymous user'),(2,'authenticated user'),(3,'editor'),(4,'webmaster');
/*!40000 ALTER TABLE `esnsatellite_role` ENABLE KEYS */;
UNLOCK TABLES;

--
-- Table structure for table `esnsatellite_search_dataset`
--

DROP TABLE IF EXISTS `esnsatellite_search_dataset`;
CREATE TABLE `esnsatellite_search_dataset` (
  `sid` int(10) unsigned NOT NULL default '0',
  `type` varchar(16) default NULL,
  `data` longtext NOT NULL,
  KEY `sid_type` (`sid`,`type`)
) TYPE=MyISAM;

--
-- Dumping data for table `esnsatellite_search_dataset`
--

LOCK TABLES `esnsatellite_search_dataset` WRITE;
/*!40000 ALTER TABLE `esnsatellite_search_dataset` DISABLE KEYS */;
/*!40000 ALTER TABLE `esnsatellite_search_dataset` ENABLE KEYS */;
UNLOCK TABLES;

--
-- Table structure for table `esnsatellite_search_index`
--

DROP TABLE IF EXISTS `esnsatellite_search_index`;
CREATE TABLE `esnsatellite_search_index` (
  `word` varchar(50) NOT NULL default '',
  `sid` int(10) unsigned NOT NULL default '0',
  `type` varchar(16) default NULL,
  `fromsid` int(10) unsigned NOT NULL default '0',
  `fromtype` varchar(16) default NULL,
  `score` float default NULL,
  KEY `sid_type` (`sid`,`type`),
  KEY `from_sid_type` (`fromsid`,`fromtype`),
  KEY `word` (`word`)
) TYPE=MyISAM;

--
-- Dumping data for table `esnsatellite_search_index`
--

LOCK TABLES `esnsatellite_search_index` WRITE;
/*!40000 ALTER TABLE `esnsatellite_search_index` DISABLE KEYS */;
/*!40000 ALTER TABLE `esnsatellite_search_index` ENABLE KEYS */;
UNLOCK TABLES;

--
-- Table structure for table `esnsatellite_search_total`
--

DROP TABLE IF EXISTS `esnsatellite_search_total`;
CREATE TABLE `esnsatellite_search_total` (
  `word` varchar(50) NOT NULL default '',
  `count` float default NULL,
  PRIMARY KEY  (`word`)
) TYPE=MyISAM;

--
-- Dumping data for table `esnsatellite_search_total`
--

LOCK TABLES `esnsatellite_search_total` WRITE;
/*!40000 ALTER TABLE `esnsatellite_search_total` DISABLE KEYS */;
/*!40000 ALTER TABLE `esnsatellite_search_total` ENABLE KEYS */;
UNLOCK TABLES;

--
-- Table structure for table `esnsatellite_sequences`
--

DROP TABLE IF EXISTS `esnsatellite_sequences`;
CREATE TABLE `esnsatellite_sequences` (
  `name` varchar(255) NOT NULL default '',
  `id` int(10) unsigned NOT NULL default '0',
  PRIMARY KEY  (`name`)
) TYPE=MyISAM;

--
-- Dumping data for table `esnsatellite_sequences`
--

LOCK TABLES `esnsatellite_sequences` WRITE;
/*!40000 ALTER TABLE `esnsatellite_sequences` DISABLE KEYS */;
INSERT INTO `esnsatellite_sequences` VALUES ('menu_mid',2),('esnsatellite_users_uid',3),('esnsatellite_menu_mid',75),('esnsatellite_panels_info_id',2),('esnsatellite_node_nid',23),('esnsatellite_node_revisions_vid',23),('esnsatellite_files_fid',14),('esnsatellite_view_view_vid',4),('esnsatellite_aggregator_feed_fid',1),('esnsatellite_aggregator_item_iid',10);
/*!40000 ALTER TABLE `esnsatellite_sequences` ENABLE KEYS */;
UNLOCK TABLES;

--
-- Table structure for table `esnsatellite_sessions`
--

DROP TABLE IF EXISTS `esnsatellite_sessions`;
CREATE TABLE `esnsatellite_sessions` (
  `uid` int(10) unsigned NOT NULL,
  `sid` varchar(32) NOT NULL default '',
  `hostname` varchar(128) NOT NULL default '',
  `timestamp` int(11) NOT NULL default '0',
  `cache` int(11) NOT NULL default '0',
  `session` longtext,
  PRIMARY KEY  (`sid`),
  KEY `uid` (`uid`),
  KEY `timestamp` (`timestamp`)
) TYPE=MyISAM;

--
-- Dumping data for table `esnsatellite_sessions`
--

LOCK TABLES `esnsatellite_sessions` WRITE;
/*!40000 ALTER TABLE `esnsatellite_sessions` DISABLE KEYS */;
/*!40000 ALTER TABLE `esnsatellite_sessions` ENABLE KEYS */;
UNLOCK TABLES;

--
-- Table structure for table `esnsatellite_signup`
--

DROP TABLE IF EXISTS `esnsatellite_signup`;
CREATE TABLE `esnsatellite_signup` (
  `nid` int(10) unsigned NOT NULL default '0',
  `forwarding_email` varchar(64) NOT NULL default '',
  `send_confirmation` int(2) NOT NULL default '0',
  `confirmation_email` longtext NOT NULL,
  `send_reminder` int(2) NOT NULL default '0',
  `reminder_days_before` int(4) unsigned NOT NULL default '0',
  `reminder_email` longtext NOT NULL,
  `close_in_advance_time` int(10) unsigned NOT NULL default '0',
  `close_signup_limit` int(10) unsigned NOT NULL default '0',
  `completed` int(2) NOT NULL default '0',
  PRIMARY KEY  (`nid`)
) TYPE=MyISAM;

--
-- Dumping data for table `esnsatellite_signup`
--

LOCK TABLES `esnsatellite_signup` WRITE;
/*!40000 ALTER TABLE `esnsatellite_signup` DISABLE KEYS */;
INSERT INTO `esnsatellite_signup` VALUES (0,'sectionemail@pallomeri.com',1,'Hi %username! \r\n\r\nyou have signed up for \"%event\" (%time), details follow:\r\n\r\n%info\r\n\r\nPallomeri! :)\r\n\r\n    Your ESN Section',1,1,'Hi %username! \r\n\r\nthis is an automatically generated remainder for \"%event\" (%time)...\r\n\r\nPallomeri! :)\r\n\r\n    Your ESN Section\r\n',0,0,0),(22,'sectionemail@pallomeri.com',1,'Hi %username!   you have signed up for &quot;%event&quot; (%time), details follow:  %info  Pallomeri! :)      Your ESN Section',1,1,'Hi %username!   this is an automatically generated remainder for &quot;%event&quot; (%time)...  Pallomeri! :)      Your ESN Section ',0,0,0),(23,'sectionemail@pallomeri.com',1,'Hi %username!   you have signed up for &quot;%event&quot; (%time), details follow:  %info  Pallomeri! :)      Your ESN Section',1,1,'Hi %username!   this is an automatically generated remainder for &quot;%event&quot; (%time)...  Pallomeri! :)      Your ESN Section ',0,0,0);
/*!40000 ALTER TABLE `esnsatellite_signup` ENABLE KEYS */;
UNLOCK TABLES;

--
-- Table structure for table `esnsatellite_signup_log`
--

DROP TABLE IF EXISTS `esnsatellite_signup_log`;
CREATE TABLE `esnsatellite_signup_log` (
  `uid` int(10) unsigned NOT NULL default '0',
  `nid` int(10) unsigned NOT NULL default '0',
  `anon_mail` varchar(255) NOT NULL default '',
  `signup_time` int(10) unsigned NOT NULL default '0',
  `form_data` longtext NOT NULL,
  KEY `uid` (`uid`),
  KEY `nid` (`nid`)
) TYPE=MyISAM;

--
-- Dumping data for table `esnsatellite_signup_log`
--

LOCK TABLES `esnsatellite_signup_log` WRITE;
/*!40000 ALTER TABLE `esnsatellite_signup_log` DISABLE KEYS */;
/*!40000 ALTER TABLE `esnsatellite_signup_log` ENABLE KEYS */;
UNLOCK TABLES;

--
-- Table structure for table `esnsatellite_system`
--

DROP TABLE IF EXISTS `esnsatellite_system`;
CREATE TABLE `esnsatellite_system` (
  `filename` varchar(255) NOT NULL default '',
  `name` varchar(255) NOT NULL default '',
  `type` varchar(255) NOT NULL default '',
  `description` varchar(255) NOT NULL default '',
  `status` int(2) NOT NULL default '0',
  `throttle` tinyint(1) NOT NULL default '0',
  `bootstrap` int(2) NOT NULL default '0',
  `schema_version` smallint(3) NOT NULL default '-1',
  `weight` int(2) NOT NULL default '0',
  PRIMARY KEY  (`filename`),
  KEY `weight` (`weight`)
) TYPE=MyISAM;

--
-- Dumping data for table `esnsatellite_system`
--

LOCK TABLES `esnsatellite_system` WRITE;
/*!40000 ALTER TABLE `esnsatellite_system` DISABLE KEYS */;
INSERT INTO `esnsatellite_system` VALUES ('modules/block.module','block','module','Controls the boxes that are displayed around the main content.',1,0,0,0,0),('modules/comment.module','comment','module','Allows users to comment on and discuss published content.',1,0,0,0,0),('modules/filter.module','filter','module','Handles the filtering of content in preparation for display.',1,0,0,0,0),('modules/help.module','help','module','Manages the display of online help.',1,0,0,0,0),('modules/menu.module','menu','module','Allows administrators to customize the site navigation menu.',1,0,0,0,0),('modules/node.module','node','module','Allows content to be submitted to the site and displayed on pages.',1,0,0,0,0),('modules/page.module','page','module','Enables the creation of pages that can be added to the navigation system.',1,0,0,0,0),('modules/story.module','story','module','Allows users to submit stories, articles or similar content.',0,0,0,0,0),('modules/system.module','system','module','Handles general site configuration for administrators.',1,0,0,184,0),('modules/taxonomy.module','taxonomy','module','Enables the categorization of content.',1,0,0,0,0),('modules/user.module','user','module','Manages the user registration and login system.',1,0,0,0,0),('modules/watchdog.module','watchdog','module','Logs and records system events.',1,0,0,0,0),('modules/gallery/gallery.module','gallery','module','Integration with Gallery2.1 (http://gallery.menalto.com/)',0,0,0,-1,0),('themes/engines/phptemplate/phptemplate.engine','phptemplate','theme_engine','',1,0,0,-1,0),('modules/pathauto/pathauto.module','pathauto','module','Provides a mechanism for modules to automatically generate aliases for the content they manage.',1,0,0,0,0),('themes/bluemarine/page.tpl.php','bluemarine','theme','themes/engines/phptemplate/phptemplate.engine',1,0,0,-1,0),('themes/esntheme/page.tpl.php','esntheme','theme','themes/engines/phptemplate/phptemplate.engine',1,0,0,-1,0),('modules/aggregator.module','aggregator','module','Aggregates syndicated content (RSS, RDF, and Atom feeds).',1,0,0,0,0),('modules/archive.module','archive','module','Displays a calendar for navigating older content.',0,0,0,-1,0),('modules/blog.module','blog','module','Enables keeping an easily and regularly updated web page or a blog.',0,0,0,-1,0),('modules/blogapi.module','blogapi','module','Allows users to post content using applications that support XML-RPC blog APIs.',0,0,0,-1,0),('modules/book.module','book','module','Allows users to collaboratively author a book.',0,0,0,-1,0),('modules/contact.module','contact','module','Enables the use of both personal and site-wide contact forms.',1,0,0,0,0),('modules/cck/content.module','content','module','<strong>CCK:</strong> Allows administrators to define new content types.',1,0,1,9,0),('modules/drupal.module','drupal','module','Lets you register your site with a central server and improve ranking of Drupal projects by posting information on your installed modules and themes; also enables users to log in using a Drupal ID.',0,0,0,-1,0),('modules/ejournal/ejournal.module','ejournal','module','Enables users to organize the contents of their site into a publication called journal with issues and articles (like a magazine or newspaper).',0,0,0,-1,0),('modules/cck/fieldgroup.module','fieldgroup','module','<strong>CCK:</strong> Create field groups for CCK fields. <em>Note: Requires content.module.</em>',1,0,0,1,0),('modules/flexinode/flexinode.module','flexinode','module','Manages flexinode content and fields.',0,0,0,-1,0),('modules/flexinode/flexinode_admin.module','flexinode_admin','module','Allows administrators to define their own content types.',0,0,0,-1,0),('modules/forum.module','forum','module','Enables threaded discussions about general topics.',0,0,0,-1,0),('modules/imagefield/imagefield.module','imagefield','module','<strong>CCK:</strong> Defines an image field type for content.module.',1,0,0,2,0),('modules/legacy.module','legacy','module','Provides legacy handlers for upgrades from older Drupal installations.',0,0,0,-1,0),('modules/locale.module','locale','module','Enables the translation of the user interface to languages other than English.',0,0,0,-1,0),('modules/cck/nodereference.module','nodereference','module','<strong>CCK:</strong> Defines a field type for referencing one node from another. <em>Note: Requires content.module.</em>',1,0,0,3,0),('modules/cck/number.module','number','module','<strong>CCK:</strong> Defines numeric field types. <em>Note: Requires content.module.</em>',1,0,0,5,0),('modules/cck/optionwidgets.module','optionwidgets','module','<strong>CCK:</strong> Defines selection, check box and radio button widgets for text and numeric fields. <em>Note: Requires content.module, text.module and number.module.</em>',1,0,0,1,0),('modules/path.module','path','module','Allows users to rename URLs.',1,0,0,0,0),('modules/ping.module','ping','module','Alerts other sites when your site has been updated.',0,0,0,-1,0),('modules/poll.module','poll','module','Allows your site to capture votes on different topics in the form of multiple choice questions.',0,0,0,-1,0),('modules/profile.module','profile','module','Supports configurable user profiles.',1,0,0,0,0),('modules/search.module','search','module','Enables site-wide keyword searching.',0,0,0,-1,0),('modules/statistics.module','statistics','module','Logs access statistics for your site.',0,0,1,-1,0),('modules/taxonomy_menu/taxonomy_menu.module','taxonomy_menu','module','Adds links to taxonomy terms to the global navigation menu.',0,0,0,-1,0),('modules/taxonomy_ticker/taxonomy_ticker.module','taxonomy_ticker','module','Allows the use of a ticker to display a type of content.',0,0,0,-1,0),('modules/cck/text.module','text','module','<strong>CCK:</strong> Defines simple text field types. <em>Note: Requires content.module.</em>',1,0,0,5,0),('modules/throttle.module','throttle','module','Handles the auto-throttling mechanism, to control site congestion.',0,0,1,-1,0),('modules/tracker.module','tracker','module','Enables tracking of recent posts for users.',0,0,0,-1,0),('modules/upload.module','upload','module','Allows users to upload and attach files to content.',1,0,0,0,0),('modules/cck/userreference.module','userreference','module','<strong>CCK:</strong> Defines a field type for referencing a user from a node. <em>Note: Requires content.module.</em>',1,0,0,4,0),('modules/views/views.module','views','module','The views module creates customized views of node lists.',1,0,1,11,10),('modules/views/views_rss.module','views_rss','module','RSS plugin for the views feed selector argument.',1,0,0,0,0),('modules/views/views_theme_wizard.module','views_theme_wizard','module','The views theme wizard helps create stub theming for views.',1,0,0,0,0),('modules/views/views_ui.module','views_ui','module','The views module creates customized views of node lists.',1,0,0,0,0),('modules/admin_menu/admin_menu.module','admin_menu','module','Renders the administer menu tree as dropdown menu at the top of the window.',0,0,0,0,0),('modules/dynmenu/dynmenu.module','dynmenu','module','',0,0,0,0,0),('modules/panels_dnd/panels_dnd.module','panels_dnd','module','Drag-and-drop interface for Panels module.',0,0,0,0,0),('modules/panels/panels.module','panels','module','The panels module allows the creation of pages with flexible layouts.',1,0,0,0,0),('modules/date/date.module','date','module','<strong>CCK:</strong> Defines a date/time field type for the content module and a date API. <em>Note: Requires content.module.</em>',1,0,1,7,0),('modules/email/email.module','email','module','Defines a field type for email addresses. <em>Note: Requires content.module.</em>',1,0,0,0,0),('modules/link/link.module','link','module','Defines simple link field types. <em>Note: Requires content.module.</em>',1,0,0,1,0),('modules/matrix/matrix.module','matrix','module','',0,0,0,-1,0),('modules/jsdomenu/jsdomenu.module','jsdomenu','module','A utility module to generate dynamic menus.',0,0,0,0,0),('modules/moxie/moxie.module','moxie','module','The TinyMCE Javascript HTML WYSIWYG editor.',0,0,0,0,0),('modules/tinymce/tinymce.module','tinymce','module','The TinyMCE Javascript HTML WYSIWYG editor.',1,0,0,1,0),('modules/imce/imce.module','imce','module','Provides an image browser for tinyMCE.',1,0,0,0,0),('modules/advanced_menu/advanced_menu.module','advanced_menu','module','Makes more menu item options available.',0,0,0,0,0),('modules/nodeasblock/nodeasblock.module','nodeasblock','module','Make a block to display a node\'s teaser. Can be invoked on any node.',0,0,0,0,0),('modules/menutree/menutree.module','menutree','module','Display a site-map page based on one or more menus.',1,0,0,0,0),('modules/event/contrib/basicevent.module','basicevent','module','A story-like node that implements the event API automatically. Depends on the event module (4.6 or later).',1,0,0,-1,0),('modules/event/event.module','event','module','Lets users make events and keep calendars.',1,0,0,1,0),('modules/event/contrib/event_views/event_views.module','event_views','module','Views-enables the event fields, adds event calendar themes to views display options, and creates default event views. Requires the event module and the views module.',1,0,0,0,0),('modules/nodeteaser/nodeteaser.module','nodeteaser','module','Creates a separate node teaser field',0,0,0,1,0),('modules/gmap/gmap.module','gmap','module','Filter to allow insertion of a google map into a node',0,0,0,-1,0),('modules/gmap/gmap_location.module','gmap_location','module','Display location.module information on Google Maps (needs gmap.module)',0,0,0,-1,0),('modules/signup/signup.module','signup','module','Allow users to sign up for events.',1,0,0,3,0),('modules/signup/contrib/signup_conflicts/signup_conflicts.module','signup_conflicts','module','Provide schedule conflict info for signup module.',0,0,0,-1,0),('modules/captcha/captcha.module','captcha','module','Adds a Captcha to the registration form.',0,0,0,0,0),('modules/captcha/textimage/textimage.module','textimage','module','Implements an image recognition captcha.',0,0,0,0,0);
/*!40000 ALTER TABLE `esnsatellite_system` ENABLE KEYS */;
UNLOCK TABLES;

--
-- Table structure for table `esnsatellite_term_data`
--

DROP TABLE IF EXISTS `esnsatellite_term_data`;
CREATE TABLE `esnsatellite_term_data` (
  `tid` int(10) unsigned NOT NULL auto_increment,
  `vid` int(10) unsigned NOT NULL default '0',
  `name` varchar(255) NOT NULL default '',
  `description` longtext,
  `weight` tinyint(4) NOT NULL default '0',
  PRIMARY KEY  (`tid`),
  KEY `vid` (`vid`)
) TYPE=MyISAM;

--
-- Dumping data for table `esnsatellite_term_data`
--

LOCK TABLES `esnsatellite_term_data` WRITE;
/*!40000 ALTER TABLE `esnsatellite_term_data` DISABLE KEYS */;
/*!40000 ALTER TABLE `esnsatellite_term_data` ENABLE KEYS */;
UNLOCK TABLES;

--
-- Table structure for table `esnsatellite_term_hierarchy`
--

DROP TABLE IF EXISTS `esnsatellite_term_hierarchy`;
CREATE TABLE `esnsatellite_term_hierarchy` (
  `tid` int(10) unsigned NOT NULL default '0',
  `parent` int(10) unsigned NOT NULL default '0',
  PRIMARY KEY  (`tid`,`parent`),
  KEY `tid` (`tid`),
  KEY `parent` (`parent`)
) TYPE=MyISAM;

--
-- Dumping data for table `esnsatellite_term_hierarchy`
--

LOCK TABLES `esnsatellite_term_hierarchy` WRITE;
/*!40000 ALTER TABLE `esnsatellite_term_hierarchy` DISABLE KEYS */;
/*!40000 ALTER TABLE `esnsatellite_term_hierarchy` ENABLE KEYS */;
UNLOCK TABLES;

--
-- Table structure for table `esnsatellite_term_node`
--

DROP TABLE IF EXISTS `esnsatellite_term_node`;
CREATE TABLE `esnsatellite_term_node` (
  `nid` int(10) unsigned NOT NULL default '0',
  `tid` int(10) unsigned NOT NULL default '0',
  PRIMARY KEY  (`tid`,`nid`),
  KEY `nid` (`nid`),
  KEY `tid` (`tid`)
) TYPE=MyISAM;

--
-- Dumping data for table `esnsatellite_term_node`
--

LOCK TABLES `esnsatellite_term_node` WRITE;
/*!40000 ALTER TABLE `esnsatellite_term_node` DISABLE KEYS */;
/*!40000 ALTER TABLE `esnsatellite_term_node` ENABLE KEYS */;
UNLOCK TABLES;

--
-- Table structure for table `esnsatellite_term_relation`
--

DROP TABLE IF EXISTS `esnsatellite_term_relation`;
CREATE TABLE `esnsatellite_term_relation` (
  `tid1` int(10) unsigned NOT NULL default '0',
  `tid2` int(10) unsigned NOT NULL default '0',
  KEY `tid1` (`tid1`),
  KEY `tid2` (`tid2`)
) TYPE=MyISAM;

--
-- Dumping data for table `esnsatellite_term_relation`
--

LOCK TABLES `esnsatellite_term_relation` WRITE;
/*!40000 ALTER TABLE `esnsatellite_term_relation` DISABLE KEYS */;
/*!40000 ALTER TABLE `esnsatellite_term_relation` ENABLE KEYS */;
UNLOCK TABLES;

--
-- Table structure for table `esnsatellite_term_synonym`
--

DROP TABLE IF EXISTS `esnsatellite_term_synonym`;
CREATE TABLE `esnsatellite_term_synonym` (
  `tid` int(10) unsigned NOT NULL default '0',
  `name` varchar(255) NOT NULL default '',
  KEY `tid` (`tid`),
  KEY `name` (`name`(3))
) TYPE=MyISAM;

--
-- Dumping data for table `esnsatellite_term_synonym`
--

LOCK TABLES `esnsatellite_term_synonym` WRITE;
/*!40000 ALTER TABLE `esnsatellite_term_synonym` DISABLE KEYS */;
/*!40000 ALTER TABLE `esnsatellite_term_synonym` ENABLE KEYS */;
UNLOCK TABLES;

--
-- Table structure for table `esnsatellite_tinymce_role`
--

DROP TABLE IF EXISTS `esnsatellite_tinymce_role`;
CREATE TABLE `esnsatellite_tinymce_role` (
  `name` varchar(128) NOT NULL default '',
  `rid` tinyint(3) unsigned NOT NULL default '0',
  PRIMARY KEY  (`name`,`rid`)
) TYPE=MyISAM;

--
-- Dumping data for table `esnsatellite_tinymce_role`
--

LOCK TABLES `esnsatellite_tinymce_role` WRITE;
/*!40000 ALTER TABLE `esnsatellite_tinymce_role` DISABLE KEYS */;
INSERT INTO `esnsatellite_tinymce_role` VALUES ('editor',3),('editor',4);
/*!40000 ALTER TABLE `esnsatellite_tinymce_role` ENABLE KEYS */;
UNLOCK TABLES;

--
-- Table structure for table `esnsatellite_tinymce_settings`
--

DROP TABLE IF EXISTS `esnsatellite_tinymce_settings`;
CREATE TABLE `esnsatellite_tinymce_settings` (
  `name` varchar(128) NOT NULL default '',
  `settings` text NOT NULL,
  PRIMARY KEY  (`name`)
) TYPE=MyISAM;

--
-- Dumping data for table `esnsatellite_tinymce_settings`
--

LOCK TABLES `esnsatellite_tinymce_settings` WRITE;
/*!40000 ALTER TABLE `esnsatellite_tinymce_settings` DISABLE KEYS */;
INSERT INTO `esnsatellite_tinymce_settings` VALUES ('editor','a:25:{s:8:\"old_name\";s:6:\"editor\";s:4:\"name\";s:6:\"editor\";s:4:\"rids\";a:2:{i:3;s:1:\"3\";i:4;s:1:\"4\";}s:7:\"default\";s:4:\"true\";s:11:\"user_choose\";s:5:\"false\";s:11:\"show_toggle\";s:4:\"true\";s:5:\"theme\";s:8:\"advanced\";s:8:\"language\";s:2:\"en\";s:14:\"safari_message\";s:5:\"false\";s:6:\"access\";s:1:\"1\";s:12:\"access_pages\";s:93:\"node/*\r\nuser/*\r\ncomment/*\r\nadmin/block/add\r\nadmin/panels/add/*\r\nadmin/block/configure/block/*\";s:7:\"buttons\";a:23:{s:11:\"advhr-advhr\";s:1:\"1\";s:11:\"contextmenu\";s:1:\"1\";s:12:\"default-bold\";s:1:\"1\";s:14:\"default-italic\";s:1:\"1\";s:17:\"default-underline\";s:1:\"1\";s:19:\"default-justifyleft\";s:1:\"1\";s:21:\"default-justifycenter\";s:1:\"1\";s:20:\"default-justifyright\";s:1:\"1\";s:19:\"default-justifyfull\";s:1:\"1\";s:15:\"default-bullist\";s:1:\"1\";s:15:\"default-numlist\";s:1:\"1\";s:15:\"default-outdent\";s:1:\"1\";s:14:\"default-indent\";s:1:\"1\";s:12:\"default-link\";s:1:\"1\";s:13:\"default-image\";s:1:\"1\";s:12:\"default-code\";s:1:\"1\";s:20:\"default-removeformat\";s:1:\"1\";s:17:\"emotions-emotions\";s:1:\"1\";s:15:\"paste-pastetext\";s:1:\"1\";s:15:\"paste-pasteword\";s:1:\"1\";s:20:\"searchreplace-search\";s:1:\"1\";s:19:\"table-tablecontrols\";s:1:\"1\";s:23:\"drupalbreak-drupalbreak\";s:1:\"1\";}s:11:\"toolbar_loc\";s:3:\"top\";s:13:\"toolbar_align\";s:4:\"left\";s:8:\"path_loc\";s:6:\"bottom\";s:8:\"resizing\";s:5:\"false\";s:13:\"block_formats\";s:31:\"p,address,pre,h1,h2,h3,h4,h5,h6\";s:11:\"verify_html\";s:4:\"true\";s:12:\"preformatted\";s:5:\"false\";s:23:\"convert_fonts_to_styles\";s:4:\"true\";s:11:\"css_setting\";s:4:\"self\";s:8:\"css_path\";s:17:\"%h%tcss/solar.css\";s:11:\"css_classes\";s:0:\"\";s:10:\"form_token\";s:32:\"2cfe25ab471b2b90e4ab63433d826df9\";s:7:\"form_id\";s:20:\"tinymce_profile_form\";}');
/*!40000 ALTER TABLE `esnsatellite_tinymce_settings` ENABLE KEYS */;
UNLOCK TABLES;

--
-- Table structure for table `esnsatellite_url_alias`
--

DROP TABLE IF EXISTS `esnsatellite_url_alias`;
CREATE TABLE `esnsatellite_url_alias` (
  `pid` int(10) unsigned NOT NULL auto_increment,
  `src` varchar(128) NOT NULL default '',
  `dst` varchar(128) NOT NULL default '',
  PRIMARY KEY  (`pid`),
  UNIQUE KEY `dst` (`dst`),
  KEY `src` (`src`)
) TYPE=MyISAM AUTO_INCREMENT=88;

--
-- Dumping data for table `esnsatellite_url_alias`
--

LOCK TABLES `esnsatellite_url_alias` WRITE;
/*!40000 ALTER TABLE `esnsatellite_url_alias` DISABLE KEYS */;
INSERT INTO `esnsatellite_url_alias` VALUES (2,'node/11/feed','another_news/feed'),(4,'node/3/feed','prima_news/feed'),(82,'node/19','news/welcome_to_the_esn_satellite'),(6,'node/4/feed','what_is_esn/feed'),(8,'node/5/feed','mission_vision_values/feed'),(9,'node/7','history_of_esn'),(10,'node/7/feed','history_of_esn/feed'),(12,'node/6/feed','seconda_news/feed'),(14,'node/3/feed','news/prima_news/feed'),(48,'node/12/feed','news/peter_back_from_tenerife/feed'),(21,'user/2','user/webmaster'),(22,'user/3','user/editor'),(23,'user/1','user/admin'),(50,'node/13/feed','news/new_padua/feed'),(27,'node/14/feed','titolo/feed'),(83,'node/19/feed','news/welcome_to_the_esn_satellite/feed'),(31,'node/15/feed','agm_in_prague/feed'),(39,'node/16/feed','skyeurope/feed'),(37,'node/17/feed','sponsor_prova/feed'),(52,'node/18/feed','news/nuova/feed'),(44,'node/6/feed','news/seconda_news/feed'),(46,'node/11/feed','news/another_news/feed'),(58,'node/20','about_esn'),(59,'node/20/feed','about_esn/feed'),(68,'node/21','partners/esn_international'),(69,'node/21/feed','partners/esn_international/feed'),(86,'node/22','annual_general_meeting'),(87,'node/22/feed','annual_general_meeting/feed'),(80,'node/23','activate_your_satellite'),(81,'node/23/feed','activate_your_satellite/feed');
/*!40000 ALTER TABLE `esnsatellite_url_alias` ENABLE KEYS */;
UNLOCK TABLES;

--
-- Table structure for table `esnsatellite_users`
--

DROP TABLE IF EXISTS `esnsatellite_users`;
CREATE TABLE `esnsatellite_users` (
  `uid` int(10) unsigned NOT NULL default '0',
  `name` varchar(60) NOT NULL default '',
  `pass` varchar(32) NOT NULL default '',
  `mail` varchar(64) default '',
  `mode` tinyint(1) NOT NULL default '0',
  `sort` tinyint(1) default '0',
  `threshold` tinyint(1) default '0',
  `theme` varchar(255) NOT NULL default '',
  `signature` varchar(255) NOT NULL default '',
  `created` int(11) NOT NULL default '0',
  `access` int(11) NOT NULL default '0',
  `login` int(11) NOT NULL default '0',
  `status` tinyint(4) NOT NULL default '0',
  `timezone` varchar(8) default NULL,
  `language` varchar(12) NOT NULL default '',
  `picture` varchar(255) NOT NULL default '',
  `init` varchar(64) default '',
  `data` longtext,
  PRIMARY KEY  (`uid`),
  UNIQUE KEY `name` (`name`),
  KEY `access` (`access`)
) TYPE=MyISAM;

--
-- Dumping data for table `esnsatellite_users`
--

LOCK TABLES `esnsatellite_users` WRITE;
/*!40000 ALTER TABLE `esnsatellite_users` DISABLE KEYS */;
INSERT INTO `esnsatellite_users` VALUES (0,'','','',0,0,0,'','',0,0,0,0,NULL,'','','',NULL),(1,'admin','21232f297a57a5a743894a0e4a801fc3','webmaster@esn.org',0,0,0,'','',1170587535,1174248690,1174240358,1,'0','','','webmaster@esn.org','a:1:{s:7:\"contact\";i:0;}'),(2,'webmaster','412d0585dc80f38c2eef5a2fe1b35e2d','webmaster@example.com',0,0,0,'','',1172080966,1173300434,1173300418,1,'0','','','webmaster@example.com','a:1:{s:7:\"contact\";i:0;}'),(3,'editor','668d6f2f2ea19dc1f1fe8c1bc6f73481','editor@example.com',0,0,0,'','',1172080994,1173009413,1173009391,1,'0','','','editor@example.com','a:1:{s:7:\"contact\";i:0;}');
/*!40000 ALTER TABLE `esnsatellite_users` ENABLE KEYS */;
UNLOCK TABLES;

--
-- Table structure for table `esnsatellite_users_roles`
--

DROP TABLE IF EXISTS `esnsatellite_users_roles`;
CREATE TABLE `esnsatellite_users_roles` (
  `uid` int(10) unsigned NOT NULL default '0',
  `rid` int(10) unsigned NOT NULL default '0',
  PRIMARY KEY  (`uid`,`rid`)
) TYPE=MyISAM;

--
-- Dumping data for table `esnsatellite_users_roles`
--

LOCK TABLES `esnsatellite_users_roles` WRITE;
/*!40000 ALTER TABLE `esnsatellite_users_roles` DISABLE KEYS */;
INSERT INTO `esnsatellite_users_roles` VALUES (1,3),(1,4),(2,4),(3,3);
/*!40000 ALTER TABLE `esnsatellite_users_roles` ENABLE KEYS */;
UNLOCK TABLES;

--
-- Table structure for table `esnsatellite_variable`
--

DROP TABLE IF EXISTS `esnsatellite_variable`;
CREATE TABLE `esnsatellite_variable` (
  `name` varchar(48) NOT NULL default '',
  `value` longtext NOT NULL,
  PRIMARY KEY  (`name`)
) TYPE=MyISAM;

--
-- Dumping data for table `esnsatellite_variable`
--

LOCK TABLES `esnsatellite_variable` WRITE;
/*!40000 ALTER TABLE `esnsatellite_variable` DISABLE KEYS */;
INSERT INTO `esnsatellite_variable` VALUES ('theme_default','s:8:\"esntheme\";'),('filter_html_1','i:1;'),('node_options_forum','a:1:{i:0;s:6:\"status\";}'),('menu_primary_menu','s:1:\"2\";'),('menu_secondary_menu','s:1:\"2\";'),('drupal_private_key','i:2147168593;'),('file_directory_temp','s:4:\"/tmp\";'),('date_version','s:1:\"7\";'),('date_default_timezone_name','s:3:\"GMT\";'),('site_name','s:13:\"ESN Satellite\";'),('site_mail','s:0:\"\";'),('site_slogan','s:16:\"Join the Galaxy!\";'),('site_mission','s:0:\"\";'),('anonymous','s:9:\"Anonymous\";'),('clean_url','s:1:\"0\";'),('site_403','s:0:\"\";'),('site_404','s:0:\"\";'),('error_level','s:1:\"1\";'),('watchdog_clear','s:6:\"604800\";'),('cache','s:1:\"0\";'),('cache_lifetime','s:1:\"0\";'),('file_directory_path','s:5:\"files\";'),('file_downloads','s:1:\"1\";'),('feed_default_items','s:2:\"10\";'),('feed_item_length','s:6:\"teaser\";'),('date_default_timezone','s:1:\"0\";'),('configurable_timezones','s:1:\"1\";'),('date_format_short','s:9:\"Y-m-d H:i\";'),('date_format_medium','s:12:\"D, Y-m-d H:i\";'),('date_format_long','s:15:\"l, F j, Y - H:i\";'),('date_first_day','s:1:\"0\";'),('site_offline','s:1:\"0\";'),('site_offline_message','s:106:\"This ESN Satellite is currently under maintenance. We should be back shortly. Thank you for your patience.\";'),('imce_max_width','s:3:\"500\";'),('imce_max_height','s:3:\"500\";'),('imce_resizing','i:1;'),('imce_quota','s:6:\"100000\";'),('imce_personal_prefix','s:4:\"user\";'),('imce_shared_folder','s:8:\"uploaded\";'),('imce_allowed_extensions','s:46:\".doc, .pdf, .zip, .ppt, .xsl, .psd, .eps, .ai4\";'),('imce_sorting','i:1;'),('imce_max_size','s:4:\"1000\";'),('content_news_help','s:0:\"\";'),('minimum_content_news_size','s:1:\"0\";'),('node_options_content_news','a:2:{i:0;s:6:\"status\";i:1;s:7:\"promote\";}'),('comment_content_news','s:1:\"0\";'),('upload_content_news','s:1:\"1\";'),('type','s:5:\"event\";'),('array_filter','b:1;'),('page_help','s:0:\"\";'),('minimum_page_size','s:1:\"0\";'),('node_options_page','a:1:{i:0;s:6:\"status\";}'),('comment_page','s:1:\"0\";'),('upload_page','s:1:\"1\";'),('content_hospitality_help','s:0:\"\";'),('minimum_content_hospitality_size','s:1:\"0\";'),('node_options_content_hospitality','a:1:{i:0;s:6:\"status\";}'),('comment_content_hospitality','s:1:\"0\";'),('upload_content_hospitality','s:1:\"0\";'),('story_help','s:0:\"\";'),('minimum_story_size','s:1:\"0\";'),('node_options_story','a:1:{i:0;s:6:\"status\";}'),('comment_story','s:1:\"2\";'),('upload_story','s:1:\"1\";'),('event_nodeapi_event','s:3:\"all\";'),('event_help','s:0:\"\";'),('minimum_event_size','s:1:\"0\";'),('node_options_event','a:2:{i:0;s:6:\"status\";i:1;s:7:\"promote\";}'),('comment_event','s:1:\"0\";'),('upload_event','s:1:\"1\";'),('nodeteaser_readmore','i:1;'),('nodeteaser_access','s:1:\"1\";'),('nodeteaser_access_pages','s:13:\"<front>\r\nnews\";'),('theme_esntheme_settings','a:14:{s:11:\"toggle_logo\";i:1;s:11:\"toggle_name\";i:0;s:13:\"toggle_slogan\";i:0;s:14:\"toggle_mission\";i:0;s:24:\"toggle_node_user_picture\";i:0;s:27:\"toggle_comment_user_picture\";i:0;s:13:\"toggle_search\";i:0;s:14:\"toggle_favicon\";i:1;s:12:\"default_logo\";i:1;s:9:\"logo_path\";s:0:\"\";s:11:\"logo_upload\";N;s:15:\"default_favicon\";i:1;s:12:\"favicon_path\";s:0:\"\";s:14:\"favicon_upload\";N;}'),('theme_settings','a:19:{s:11:\"toggle_logo\";i:1;s:11:\"toggle_name\";i:1;s:13:\"toggle_slogan\";i:0;s:14:\"toggle_mission\";i:1;s:24:\"toggle_node_user_picture\";i:0;s:27:\"toggle_comment_user_picture\";i:0;s:13:\"toggle_search\";i:0;s:14:\"toggle_favicon\";i:1;s:36:\"toggle_node_info_content_hospitality\";i:0;s:29:\"toggle_node_info_content_news\";i:0;s:22:\"toggle_node_info_event\";i:0;s:21:\"toggle_node_info_page\";i:0;s:22:\"toggle_node_info_story\";i:0;s:12:\"default_logo\";i:1;s:9:\"logo_path\";s:0:\"\";s:11:\"logo_upload\";N;s:15:\"default_favicon\";i:1;s:12:\"favicon_path\";s:0:\"\";s:14:\"favicon_upload\";N;}'),('site_frontpage','s:4:\"home\";'),('pathauto_version','a:2:{s:4:\"text\";s:9:\"2005-9-18\";s:5:\"build\";i:5;}'),('pathauto_indexaliases_bulkupdate','b:0;'),('pathauto_node_supportsfeeds','s:4:\"feed\";'),('pathauto_user_supportsfeeds','N;'),('pathauto_taxonomy_supportsfeeds','s:6:\"0/feed\";'),('pathauto_modulelist','a:3:{i:0;s:4:\"node\";i:1;s:4:\"user\";i:2;s:8:\"taxonomy\";}'),('pathauto_verbose','i:0;'),('pathauto_separator','s:1:\"_\";'),('pathauto_quotes','s:1:\"0\";'),('pathauto_max_length','s:3:\"128\";'),('pathauto_max_component_length','s:3:\"128\";'),('pathauto_indexaliases','i:0;'),('pathauto_update_action','s:1:\"2\";'),('pathauto_node_pattern','s:7:\"[title]\";'),('pathauto_node_event_pattern','s:7:\"[title]\";'),('pathauto_node_page_pattern','s:7:\"[title]\";'),('pathauto_node_bulkupdate','i:0;'),('pathauto_node_applytofeeds','i:1;'),('pathauto_user_pattern','s:11:\"user/[user]\";'),('pathauto_user_bulkupdate','i:0;'),('pathauto_taxonomy_pattern','s:17:\"[vocab]/[catpath]\";'),('pathauto_taxonomy_bulkupdate','i:0;'),('pathauto_taxonomy_applytofeeds','i:0;'),('pathauto_node_story_pattern','s:7:\"[title]\";'),('pathauto_node_content_news_pattern','s:12:\"news/[title]\";'),('upload_max_resolution','s:7:\"400x400\";'),('upload_list_default','s:1:\"1\";'),('roles','a:2:{i:3;s:6:\"editor\";i:4;s:9:\"webmaster\";}'),('upload_extensions_3','s:57:\"jpg jpeg gif png txt html doc xls pdf ppt pps odt ods odp\";'),('upload_uploadsize_3','s:1:\"1\";'),('upload_usersize_3','s:2:\"10\";'),('upload_extensions_4','s:57:\"jpg jpeg gif png txt html doc xls pdf ppt pps odt ods odp\";'),('upload_uploadsize_4','s:1:\"1\";'),('upload_usersize_4','s:2:\"10\";'),('filter_default_format','s:1:\"3\";'),('textimage_use_only_upper','i:1;'),('textimage_font_size','s:2:\"24\";'),('textimage_char_spacing_max','s:2:\"10\";'),('textimage_char_jiggle_amount','s:2:\"10\";'),('textimage_char_rotate_amount','s:2:\"10\";'),('textimage_char_size_amount','s:1:\"3\";'),('textimage_images_path','s:0:\"\";'),('textimage_image_noise','s:1:\"4\";'),('textimage_image_lines','s:1:\"2\";'),('textimage_image_margin','s:2:\"10\";'),('comment_form_anonymous_user_captcha','i:1;'),('user_login_anonymous_user_captcha','i:0;'),('user_login_block_anonymous_user_captcha','i:0;'),('user_edit_anonymous_user_captcha','i:0;'),('user_register_anonymous_user_captcha','i:1;'),('user_pass_anonymous_user_captcha','i:1;'),('contact_mail_user_anonymous_user_captcha','i:1;'),('contact_mail_page_anonymous_user_captcha','i:1;'),('node_form_anonymous_user_captcha','i:1;'),('comment_form_authenticated_user_captcha','i:0;'),('user_login_authenticated_user_captcha','i:0;'),('user_login_block_authenticated_user_captcha','i:0;'),('user_edit_authenticated_user_captcha','i:0;'),('user_register_authenticated_user_captcha','i:0;'),('user_pass_authenticated_user_captcha','i:0;'),('contact_mail_user_authenticated_user_captcha','i:0;'),('contact_mail_page_authenticated_user_captcha','i:0;'),('node_form_authenticated_user_captcha','i:0;'),('comment_form_editor_captcha','i:0;'),('user_login_editor_captcha','i:0;'),('user_login_block_editor_captcha','i:0;'),('user_edit_editor_captcha','i:0;'),('user_register_editor_captcha','i:0;'),('user_pass_editor_captcha','i:0;'),('contact_mail_user_editor_captcha','i:0;'),('contact_mail_page_editor_captcha','i:0;'),('node_form_editor_captcha','i:0;'),('comment_form_webmaster_captcha','i:0;'),('user_login_webmaster_captcha','i:0;'),('user_login_block_webmaster_captcha','i:0;'),('user_edit_webmaster_captcha','i:0;'),('user_register_webmaster_captcha','i:0;'),('user_pass_webmaster_captcha','i:0;'),('contact_mail_user_webmaster_captcha','i:0;'),('contact_mail_page_webmaster_captcha','i:0;'),('node_form_webmaster_captcha','i:0;'),('captcha_type','s:9:\"textimage\";'),('textimage_fonts_path','s:26:\"modules/captcha/textimage/\";'),('signup_user_view','i:1;'),('signup_close_early','s:1:\"1\";'),('signup_form_event','i:1;'),('menu_parent_items','s:1:\"0\";'),('pathauto_node_content_partner_pattern','s:16:\"partners/[title]\";'),('site_footer','s:325:\"<b>ESN Satellite</b> - © all right reserved \r\n<a href=\"http://satellite.esn.org\" target=\"_blank\">\r\n<img src=\"themes/esntheme/img/ESN.satellite.power.png\" style=\"display: inline;\"/></a>&nbsp;\r\n<a href=\"http://galaxy.esn.org\" target=\"_blank\">\r\n<img src=\"themes/esntheme/img/ESN.galaxy.power.png\" style=\"display: inline;\"/></a>\";'),('event_range_prev','s:10:\"1174579200\";'),('event_range_next','s:10:\"1177930800\";');
/*!40000 ALTER TABLE `esnsatellite_variable` ENABLE KEYS */;
UNLOCK TABLES;

--
-- Table structure for table `esnsatellite_view_argument`
--

DROP TABLE IF EXISTS `esnsatellite_view_argument`;
CREATE TABLE `esnsatellite_view_argument` (
  `vid` int(10) unsigned NOT NULL default '0',
  `type` varchar(255) default NULL,
  `argdefault` varchar(255) default NULL,
  `title` varchar(255) default NULL,
  `options` varchar(255) default NULL,
  `position` int(2) default NULL,
  `wildcard` varchar(32) default NULL,
  `wildcard_substitution` varchar(32) default NULL,
  KEY `vid` (`vid`)
) TYPE=MyISAM;

--
-- Dumping data for table `esnsatellite_view_argument`
--

LOCK TABLES `esnsatellite_view_argument` WRITE;
/*!40000 ALTER TABLE `esnsatellite_view_argument` DISABLE KEYS */;
INSERT INTO `esnsatellite_view_argument` VALUES (1,'rss_feed','2','feed','',0,'',''),(4,'rss_feed','2','feed','',0,'','');
/*!40000 ALTER TABLE `esnsatellite_view_argument` ENABLE KEYS */;
UNLOCK TABLES;

--
-- Table structure for table `esnsatellite_view_exposed_filter`
--

DROP TABLE IF EXISTS `esnsatellite_view_exposed_filter`;
CREATE TABLE `esnsatellite_view_exposed_filter` (
  `vid` int(10) unsigned NOT NULL default '0',
  `field` varchar(255) default NULL,
  `label` varchar(255) default NULL,
  `optional` int(1) default NULL,
  `is_default` int(1) default NULL,
  `operator` int(1) default NULL,
  `single` int(1) default NULL,
  `position` int(2) default NULL,
  KEY `vid` (`vid`)
) TYPE=MyISAM;

--
-- Dumping data for table `esnsatellite_view_exposed_filter`
--

LOCK TABLES `esnsatellite_view_exposed_filter` WRITE;
/*!40000 ALTER TABLE `esnsatellite_view_exposed_filter` DISABLE KEYS */;
/*!40000 ALTER TABLE `esnsatellite_view_exposed_filter` ENABLE KEYS */;
UNLOCK TABLES;

--
-- Table structure for table `esnsatellite_view_filter`
--

DROP TABLE IF EXISTS `esnsatellite_view_filter`;
CREATE TABLE `esnsatellite_view_filter` (
  `vid` int(10) unsigned NOT NULL default '0',
  `tablename` varchar(255) default NULL,
  `field` varchar(255) default NULL,
  `value` longtext,
  `operator` varchar(20) default NULL,
  `options` varchar(255) default NULL,
  `position` int(2) default NULL,
  KEY `vid` (`vid`)
) TYPE=MyISAM;

--
-- Dumping data for table `esnsatellite_view_filter`
--

LOCK TABLES `esnsatellite_view_filter` WRITE;
/*!40000 ALTER TABLE `esnsatellite_view_filter` DISABLE KEYS */;
INSERT INTO `esnsatellite_view_filter` VALUES (2,'','node.promote','1','=','',0),(1,'','node.type','content_news','OR','',1),(1,'','node.status','1','=','',0),(2,'','node.status','1','=','',1),(3,'','node.type','content_news','OR','',0),(4,'','node.status','1','=','',0),(4,'','node.type','content_partner','OR','',1);
/*!40000 ALTER TABLE `esnsatellite_view_filter` ENABLE KEYS */;
UNLOCK TABLES;

--
-- Table structure for table `esnsatellite_view_sort`
--

DROP TABLE IF EXISTS `esnsatellite_view_sort`;
CREATE TABLE `esnsatellite_view_sort` (
  `vid` int(10) unsigned NOT NULL default '0',
  `position` int(2) default NULL,
  `field` varchar(255) default NULL,
  `sortorder` varchar(5) default NULL,
  `options` varchar(255) default NULL,
  `tablename` varchar(255) default NULL,
  KEY `vid` (`vid`)
) TYPE=MyISAM;

--
-- Dumping data for table `esnsatellite_view_sort`
--

LOCK TABLES `esnsatellite_view_sort` WRITE;
/*!40000 ALTER TABLE `esnsatellite_view_sort` DISABLE KEYS */;
INSERT INTO `esnsatellite_view_sort` VALUES (4,0,'node.title','ASC','',NULL),(1,0,'node.created','DESC','normal',NULL),(3,0,'node.created','DESC','normal',NULL);
/*!40000 ALTER TABLE `esnsatellite_view_sort` ENABLE KEYS */;
UNLOCK TABLES;

--
-- Table structure for table `esnsatellite_view_tablefield`
--

DROP TABLE IF EXISTS `esnsatellite_view_tablefield`;
CREATE TABLE `esnsatellite_view_tablefield` (
  `vid` int(10) unsigned NOT NULL default '0',
  `tablename` varchar(255) default NULL,
  `field` varchar(255) default NULL,
  `label` varchar(255) default NULL,
  `handler` varchar(255) default NULL,
  `sortable` int(1) default NULL,
  `defaultsort` varchar(5) default NULL,
  `options` varchar(255) default NULL,
  `position` int(2) default NULL,
  KEY `vid` (`vid`)
) TYPE=MyISAM;

--
-- Dumping data for table `esnsatellite_view_tablefield`
--

LOCK TABLES `esnsatellite_view_tablefield` WRITE;
/*!40000 ALTER TABLE `esnsatellite_view_tablefield` DISABLE KEYS */;
INSERT INTO `esnsatellite_view_tablefield` VALUES (1,'node_data_field_body','field_body_value','','content_views_field_handler_group',0,'0','plain',3),(1,'node_data_field_image','field_image_fid','','content_views_field_handler_group',0,'','default',2),(1,'node','title','','views_handler_field_nodelink_with_mark',0,'0','nolink',1),(1,'node','created','','views_handler_field_date_small',0,'ASC','',0),(3,'node_data_field_summary','field_summary_value','','content_views_field_handler_group',0,'0','default',4),(3,'node_data_field_image','field_image_fid','','content_views_field_handler_group',0,'','default',3),(3,'node','title','','views_handler_field_nodelink',0,'0','nolink',2),(4,'node_data_field_logo','field_logo_fid','','content_views_field_handler_group',0,'','default',0),(4,'node','title','','views_handler_field_nodelink',0,'0','nolink',4),(4,'node_data_field_description','field_description_value','','content_views_field_handler_group',0,'0','default',3),(4,'node_data_field_logo_link','field_logo_link_url','','content_views_field_handler_group',0,'','default',2),(4,'node_data_field_short_description','field_short_description_value','','content_views_field_handler_group',0,'0','default',1),(3,'node','nid','','',0,'0','',0),(3,'node','created','','views_handler_field_date_small',0,'0','',1),(1,'node_data_field_summary','field_summary_value','','content_views_field_handler_group',0,'0','default',4);
/*!40000 ALTER TABLE `esnsatellite_view_tablefield` ENABLE KEYS */;
UNLOCK TABLES;

--
-- Table structure for table `esnsatellite_view_view`
--

DROP TABLE IF EXISTS `esnsatellite_view_view`;
CREATE TABLE `esnsatellite_view_view` (
  `vid` int(10) unsigned NOT NULL default '0',
  `name` varchar(32) NOT NULL,
  `description` varchar(255) default NULL,
  `access` varchar(255) default NULL,
  `page` int(1) default NULL,
  `page_title` varchar(255) default NULL,
  `page_header` longtext,
  `page_header_format` int(4) NOT NULL,
  `page_empty` longtext,
  `page_empty_format` int(4) NOT NULL,
  `page_footer` longtext,
  `page_footer_format` int(4) NOT NULL,
  `page_type` varchar(20) default NULL,
  `use_pager` int(1) default NULL,
  `nodes_per_page` int(5) default NULL,
  `url` varchar(255) default NULL,
  `menu` int(1) default NULL,
  `menu_tab` int(1) default NULL,
  `menu_tab_default` int(1) default NULL,
  `menu_tab_weight` int(4) default NULL,
  `menu_title` varchar(255) default NULL,
  `block` int(1) default NULL,
  `block_title` varchar(255) default NULL,
  `block_use_page_header` int(1) default NULL,
  `block_header` longtext,
  `block_header_format` int(4) NOT NULL,
  `block_use_page_footer` int(1) default NULL,
  `block_footer` longtext,
  `block_footer_format` int(4) NOT NULL,
  `block_use_page_empty` int(1) default NULL,
  `block_empty` longtext,
  `block_empty_format` int(4) NOT NULL,
  `block_type` varchar(20) default NULL,
  `nodes_per_block` int(5) default NULL,
  `block_more` int(1) default NULL,
  `breadcrumb_no_home` int(1) default NULL,
  `changed` int(11) default NULL,
  `query` longtext,
  `countquery` longtext,
  `view_args_php` longtext,
  PRIMARY KEY  (`vid`),
  UNIQUE KEY `name` (`name`),
  KEY `name_2` (`name`)
) TYPE=MyISAM;

--
-- Dumping data for table `esnsatellite_view_view`
--

LOCK TABLES `esnsatellite_view_view` WRITE;
/*!40000 ALTER TABLE `esnsatellite_view_view` DISABLE KEYS */;
INSERT INTO `esnsatellite_view_view` VALUES (1,'News','News view','',1,'News page','',1,'...no news has been posted yet...',1,'',1,'list',1,10,'news',1,0,0,0,'News',1,'Latest News',0,'',1,0,'',1,0,'...no news has been posted yet...',1,'list',5,1,0,1173212081,'','',''),(3,'Homepage','Homepage','',1,'','',1,'...no home has been set yet...',1,'',1,'list',0,5,'home',0,0,0,0,'',0,'',0,'',1,0,'',1,0,'',1,'node',0,0,1,1173221448,'SELECT node.nid, node.created AS node_created_created, node.nid AS node_nid, node.created AS node_created, node.title AS node_title, node.changed AS node_changed, node_data_field_image.field_image_fid AS node_data_field_image_field_image_fid, node_data_field_image.field_image_title AS node_data_field_image_field_image_title, node_data_field_image.field_image_alt AS node_data_field_image_field_image_alt, node_data_field_summary.field_summary_value AS node_data_field_summary_field_summary_value FROM {node} node  LEFT JOIN {node_content_news} node_data_field_image ON node.vid = node_data_field_image.vid LEFT JOIN {node_content_news} node_data_field_summary ON node.vid = node_data_field_summary.vid WHERE (node.type IN (\'content_news\'))  ORDER BY node_created_created DESC','SELECT count(node.nid) FROM {node} node  LEFT JOIN {node_content_news} node_data_field_image ON node.vid = node_data_field_image.vid LEFT JOIN {node_content_news} node_data_field_summary ON node.vid = node_data_field_summary.vid WHERE (node.type IN (\'content_news\'))  ',''),(4,'Partners','Vew for the Partner content type','',1,'Partners','',3,'...no partners have been posted yet...',3,'',3,'node',0,0,'partners',1,0,0,0,'Partners',1,'Partners',0,'',3,0,'',3,0,'...no partners have been posted yet...',3,'list',100,0,0,1173007695,'','','');
/*!40000 ALTER TABLE `esnsatellite_view_view` ENABLE KEYS */;
UNLOCK TABLES;

--
-- Table structure for table `esnsatellite_vocabulary`
--

DROP TABLE IF EXISTS `esnsatellite_vocabulary`;
CREATE TABLE `esnsatellite_vocabulary` (
  `vid` int(10) unsigned NOT NULL auto_increment,
  `name` varchar(255) NOT NULL default '',
  `description` longtext,
  `help` varchar(255) NOT NULL default '',
  `relations` tinyint(3) unsigned NOT NULL default '0',
  `hierarchy` tinyint(3) unsigned NOT NULL default '0',
  `multiple` tinyint(3) unsigned NOT NULL default '0',
  `required` tinyint(3) unsigned NOT NULL default '0',
  `tags` tinyint(3) unsigned NOT NULL default '0',
  `module` varchar(255) NOT NULL default '',
  `weight` tinyint(4) NOT NULL default '0',
  PRIMARY KEY  (`vid`)
) TYPE=MyISAM;

--
-- Dumping data for table `esnsatellite_vocabulary`
--

LOCK TABLES `esnsatellite_vocabulary` WRITE;
/*!40000 ALTER TABLE `esnsatellite_vocabulary` DISABLE KEYS */;
/*!40000 ALTER TABLE `esnsatellite_vocabulary` ENABLE KEYS */;
UNLOCK TABLES;

--
-- Table structure for table `esnsatellite_vocabulary_node_types`
--

DROP TABLE IF EXISTS `esnsatellite_vocabulary_node_types`;
CREATE TABLE `esnsatellite_vocabulary_node_types` (
  `vid` int(10) unsigned NOT NULL default '0',
  `type` varchar(32) NOT NULL default '',
  PRIMARY KEY  (`vid`,`type`)
) TYPE=MyISAM;

--
-- Dumping data for table `esnsatellite_vocabulary_node_types`
--

LOCK TABLES `esnsatellite_vocabulary_node_types` WRITE;
/*!40000 ALTER TABLE `esnsatellite_vocabulary_node_types` DISABLE KEYS */;
/*!40000 ALTER TABLE `esnsatellite_vocabulary_node_types` ENABLE KEYS */;
UNLOCK TABLES;

--
-- Table structure for table `esnsatellite_watchdog`
--

DROP TABLE IF EXISTS `esnsatellite_watchdog`;
CREATE TABLE `esnsatellite_watchdog` (
  `wid` int(5) NOT NULL auto_increment,
  `uid` int(10) NOT NULL default '0',
  `type` varchar(16) NOT NULL default '',
  `message` longtext NOT NULL,
  `severity` tinyint(3) unsigned NOT NULL default '0',
  `link` varchar(255) NOT NULL default '',
  `location` varchar(128) NOT NULL default '',
  `referer` varchar(128) NOT NULL default '',
  `hostname` varchar(128) NOT NULL default '',
  `timestamp` int(11) NOT NULL default '0',
  PRIMARY KEY  (`wid`)
) TYPE=MyISAM;

--
-- Dumping data for table `esnsatellite_watchdog`
--

LOCK TABLES `esnsatellite_watchdog` WRITE;
/*!40000 ALTER TABLE `esnsatellite_watchdog` DISABLE KEYS */;
/*!40000 ALTER TABLE `esnsatellite_watchdog` ENABLE KEYS */;
UNLOCK TABLES;
/*!40103 SET TIME_ZONE=@OLD_TIME_ZONE */;

/*!40101 SET SQL_MODE=@OLD_SQL_MODE */;
/*!40014 SET FOREIGN_KEY_CHECKS=@OLD_FOREIGN_KEY_CHECKS */;
/*!40014 SET UNIQUE_CHECKS=@OLD_UNIQUE_CHECKS */;
/*!40111 SET SQL_NOTES=@OLD_SQL_NOTES */;

-- Dump completed on 2007-03-19 18:10:46
